ISO-10303-21;
HEADER;
FILE_DESCRIPTION (( 'STEP AP214' ),
    '1' );
FILE_NAME ('1006387DCover (Annunciator Faceplate).stp',
    '2020-09-28T15:10:35',
    ( '' ),
    ( '' ),
    'Open CASCADE STEP processor 7.8',
    'FreeCAD',
    'Unknown');
FILE_SCHEMA (( 'AUTOMOTIVE_DESIGN' ));
ENDSEC;
DATA;
#1 = APPLICATION_PROTOCOL_DEFINITION('international standard',
  'automotive_design',2000,#2);
#2 = APPLICATION_CONTEXT(
  'core data for automotive mechanical design processes');
#3 = SHAPE_DEFINITION_REPRESENTATION(#4,#10);
#4 = PRODUCT_DEFINITION_SHAPE('','',#5);
#5 = PRODUCT_DEFINITION('design','',#6,#9);
#6 = PRODUCT_DEFINITION_FORMATION('','',#7);
#7 = PRODUCT('Body','Body','',(#8));
#8 = PRODUCT_CONTEXT('',#2,'mechanical');
#9 = PRODUCT_DEFINITION_CONTEXT('part definition',#2,'design');
#10 = ADVANCED_BREP_SHAPE_REPRESENTATION('',(#11,#15),#2773);
#11 = AXIS2_PLACEMENT_3D('',#12,#13,#14);
#12 = CARTESIAN_POINT('',(0.,0.,0.));
#13 = DIRECTION('',(0.,0.,1.));
#14 = DIRECTION('',(1.,0.,-0.));
#15 = MANIFOLD_SOLID_BREP('',#16);
#16 = CLOSED_SHELL('',(#17,#163,#195,#219,#244,#268,#293,#317,#342,#359,
    #390,#415,#439,#464,#488,#513,#537,#555,#1047,#1133,#1164,#1188,
    #1212,#1229,#1260,#1284,#1308,#1325,#1356,#1380,#1404,#1421,#1452,
    #1476,#1500,#1517,#1548,#1572,#1596,#1613,#1644,#1668,#1692,#1709,
    #1740,#1764,#1788,#1805,#1836,#1860,#1884,#1901,#1932,#1956,#1980,
    #1997,#2028,#2052,#2076,#2093,#2124,#2148,#2172,#2189,#2220,#2244,
    #2268,#2285,#2316,#2340,#2364,#2381,#2412,#2436,#2460,#2477,#2508,
    #2533,#2557,#2582,#2606,#2631,#2655,#2673));
#17 = ADVANCED_FACE('',(#18,#88),#158,.T.);
#18 = FACE_BOUND('',#19,.T.);
#19 = EDGE_LOOP('',(#20,#31,#39,#48,#56,#65,#73,#82));
#20 = ORIENTED_EDGE('',*,*,#21,.T.);
#21 = EDGE_CURVE('',#22,#24,#26,.T.);
#22 = VERTEX_POINT('',#23);
#23 = CARTESIAN_POINT('',(64.262,2.54,0.));
#24 = VERTEX_POINT('',#25);
#25 = CARTESIAN_POINT('',(66.548,2.54,-2.286));
#26 = CIRCLE('',#27,2.286);
#27 = AXIS2_PLACEMENT_3D('',#28,#29,#30);
#28 = CARTESIAN_POINT('',(64.262,2.54,-2.286));
#29 = DIRECTION('',(0.,1.,0.));
#30 = DIRECTION('',(0.,0.,1.));
#31 = ORIENTED_EDGE('',*,*,#32,.T.);
#32 = EDGE_CURVE('',#24,#33,#35,.T.);
#33 = VERTEX_POINT('',#34);
#34 = CARTESIAN_POINT('',(66.548,2.54,-109.9185));
#35 = LINE('',#36,#37);
#36 = CARTESIAN_POINT('',(66.548,2.54,-2.286));
#37 = VECTOR('',#38,1.);
#38 = DIRECTION('',(0.,0.,-1.));
#39 = ORIENTED_EDGE('',*,*,#40,.T.);
#40 = EDGE_CURVE('',#33,#41,#43,.T.);
#41 = VERTEX_POINT('',#42);
#42 = CARTESIAN_POINT('',(64.262,2.54,-112.2045));
#43 = CIRCLE('',#44,2.286);
#44 = AXIS2_PLACEMENT_3D('',#45,#46,#47);
#45 = CARTESIAN_POINT('',(64.262,2.54,-109.9185));
#46 = DIRECTION('',(0.,1.,0.));
#47 = DIRECTION('',(0.,0.,-1.));
#48 = ORIENTED_EDGE('',*,*,#49,.T.);
#49 = EDGE_CURVE('',#41,#50,#52,.T.);
#50 = VERTEX_POINT('',#51);
#51 = CARTESIAN_POINT('',(2.286,2.54,-112.2045));
#52 = LINE('',#53,#54);
#53 = CARTESIAN_POINT('',(2.286,2.54,-112.2045));
#54 = VECTOR('',#55,1.);
#55 = DIRECTION('',(-1.,-0.,-0.));
#56 = ORIENTED_EDGE('',*,*,#57,.T.);
#57 = EDGE_CURVE('',#50,#58,#60,.T.);
#58 = VERTEX_POINT('',#59);
#59 = CARTESIAN_POINT('',(0.,2.54,-109.9185));
#60 = CIRCLE('',#61,2.286);
#61 = AXIS2_PLACEMENT_3D('',#62,#63,#64);
#62 = CARTESIAN_POINT('',(2.286,2.54,-109.9185));
#63 = DIRECTION('',(0.,1.,0.));
#64 = DIRECTION('',(0.,0.,-1.));
#65 = ORIENTED_EDGE('',*,*,#66,.T.);
#66 = EDGE_CURVE('',#58,#67,#69,.T.);
#67 = VERTEX_POINT('',#68);
#68 = CARTESIAN_POINT('',(0.,2.54,-2.286));
#69 = LINE('',#70,#71);
#70 = CARTESIAN_POINT('',(0.,2.54,-2.286));
#71 = VECTOR('',#72,1.);
#72 = DIRECTION('',(0.,0.,1.));
#73 = ORIENTED_EDGE('',*,*,#74,.T.);
#74 = EDGE_CURVE('',#67,#75,#77,.T.);
#75 = VERTEX_POINT('',#76);
#76 = CARTESIAN_POINT('',(2.286,2.54,0.));
#77 = CIRCLE('',#78,2.286);
#78 = AXIS2_PLACEMENT_3D('',#79,#80,#81);
#79 = CARTESIAN_POINT('',(2.286,2.54,-2.286));
#80 = DIRECTION('',(0.,1.,0.));
#81 = DIRECTION('',(0.,0.,-1.));
#82 = ORIENTED_EDGE('',*,*,#83,.T.);
#83 = EDGE_CURVE('',#75,#22,#84,.T.);
#84 = LINE('',#85,#86);
#85 = CARTESIAN_POINT('',(2.286,2.54,0.));
#86 = VECTOR('',#87,1.);
#87 = DIRECTION('',(1.,0.,0.));
#88 = FACE_BOUND('',#89,.T.);
#89 = EDGE_LOOP('',(#90,#100,#109,#117,#126,#134,#143,#151));
#90 = ORIENTED_EDGE('',*,*,#91,.F.);
#91 = EDGE_CURVE('',#92,#94,#96,.T.);
#92 = VERTEX_POINT('',#93);
#93 = CARTESIAN_POINT('',(3.81,2.54,-1.524));
#94 = VERTEX_POINT('',#95);
#95 = CARTESIAN_POINT('',(62.738,2.54,-1.524));
#96 = LINE('',#97,#98);
#97 = CARTESIAN_POINT('',(3.81,2.54,-1.524));
#98 = VECTOR('',#99,1.);
#99 = DIRECTION('',(1.,0.,1.E-17));
#100 = ORIENTED_EDGE('',*,*,#101,.F.);
#101 = EDGE_CURVE('',#102,#92,#104,.T.);
#102 = VERTEX_POINT('',#103);
#103 = CARTESIAN_POINT('',(1.524,2.54,-3.81));
#104 = CIRCLE('',#105,2.286);
#105 = AXIS2_PLACEMENT_3D('',#106,#107,#108);
#106 = CARTESIAN_POINT('',(3.81,2.54,-3.81));
#107 = DIRECTION('',(0.,1.,0.));
#108 = DIRECTION('',(0.,0.,1.));
#109 = ORIENTED_EDGE('',*,*,#110,.F.);
#110 = EDGE_CURVE('',#111,#102,#113,.T.);
#111 = VERTEX_POINT('',#112);
#112 = CARTESIAN_POINT('',(1.524,2.54,-108.3945));
#113 = LINE('',#114,#115);
#114 = CARTESIAN_POINT('',(1.524,2.54,-108.3945));
#115 = VECTOR('',#116,1.);
#116 = DIRECTION('',(1.2E-16,0.,1.));
#117 = ORIENTED_EDGE('',*,*,#118,.F.);
#118 = EDGE_CURVE('',#119,#111,#121,.T.);
#119 = VERTEX_POINT('',#120);
#120 = CARTESIAN_POINT('',(3.81,2.54,-110.6805));
#121 = CIRCLE('',#122,2.286);
#122 = AXIS2_PLACEMENT_3D('',#123,#124,#125);
#123 = CARTESIAN_POINT('',(3.81,2.54,-108.3945));
#124 = DIRECTION('',(0.,1.,0.));
#125 = DIRECTION('',(0.,0.,1.));
#126 = ORIENTED_EDGE('',*,*,#127,.F.);
#127 = EDGE_CURVE('',#128,#119,#130,.T.);
#128 = VERTEX_POINT('',#129);
#129 = CARTESIAN_POINT('',(62.738,2.54,-110.6805));
#130 = LINE('',#131,#132);
#131 = CARTESIAN_POINT('',(3.81,2.54,-110.6805));
#132 = VECTOR('',#133,1.);
#133 = DIRECTION('',(-1.,0.,0.));
#134 = ORIENTED_EDGE('',*,*,#135,.F.);
#135 = EDGE_CURVE('',#136,#128,#138,.T.);
#136 = VERTEX_POINT('',#137);
#137 = CARTESIAN_POINT('',(65.024,2.54,-108.3945));
#138 = CIRCLE('',#139,2.286);
#139 = AXIS2_PLACEMENT_3D('',#140,#141,#142);
#140 = CARTESIAN_POINT('',(62.738,2.54,-108.3945));
#141 = DIRECTION('',(0.,1.,0.));
#142 = DIRECTION('',(0.,0.,-1.));
#143 = ORIENTED_EDGE('',*,*,#144,.F.);
#144 = EDGE_CURVE('',#145,#136,#147,.T.);
#145 = VERTEX_POINT('',#146);
#146 = CARTESIAN_POINT('',(65.024,2.54,-3.81));
#147 = LINE('',#148,#149);
#148 = CARTESIAN_POINT('',(65.024,2.54,-108.3945));
#149 = VECTOR('',#150,1.);
#150 = DIRECTION('',(-1.3E-16,0.,-1.));
#151 = ORIENTED_EDGE('',*,*,#152,.F.);
#152 = EDGE_CURVE('',#94,#145,#153,.T.);
#153 = CIRCLE('',#154,2.286);
#154 = AXIS2_PLACEMENT_3D('',#155,#156,#157);
#155 = CARTESIAN_POINT('',(62.738,2.54,-3.81));
#156 = DIRECTION('',(0.,1.,0.));
#157 = DIRECTION('',(0.,0.,1.));
#158 = PLANE('',#159);
#159 = AXIS2_PLACEMENT_3D('',#160,#161,#162);
#160 = CARTESIAN_POINT('',(64.262,2.54,-2.286));
#161 = DIRECTION('',(0.,1.,0.));
#162 = DIRECTION('',(0.,0.,1.));
#163 = ADVANCED_FACE('',(#164),#190,.T.);
#164 = FACE_BOUND('',#165,.T.);
#165 = EDGE_LOOP('',(#166,#177,#183,#184));
#166 = ORIENTED_EDGE('',*,*,#167,.T.);
#167 = EDGE_CURVE('',#168,#170,#172,.T.);
#168 = VERTEX_POINT('',#169);
#169 = CARTESIAN_POINT('',(64.262,0.,0.));
#170 = VERTEX_POINT('',#171);
#171 = CARTESIAN_POINT('',(66.548,0.,-2.286));
#172 = CIRCLE('',#173,2.286);
#173 = AXIS2_PLACEMENT_3D('',#174,#175,#176);
#174 = CARTESIAN_POINT('',(64.262,0.,-2.286));
#175 = DIRECTION('',(0.,1.,0.));
#176 = DIRECTION('',(0.,0.,1.));
#177 = ORIENTED_EDGE('',*,*,#178,.F.);
#178 = EDGE_CURVE('',#24,#170,#179,.T.);
#179 = LINE('',#180,#181);
#180 = CARTESIAN_POINT('',(66.548,2.54,-2.286));
#181 = VECTOR('',#182,1.);
#182 = DIRECTION('',(-0.,-1.,-0.));
#183 = ORIENTED_EDGE('',*,*,#21,.F.);
#184 = ORIENTED_EDGE('',*,*,#185,.T.);
#185 = EDGE_CURVE('',#22,#168,#186,.T.);
#186 = LINE('',#187,#188);
#187 = CARTESIAN_POINT('',(64.262,2.54,0.));
#188 = VECTOR('',#189,1.);
#189 = DIRECTION('',(-0.,-1.,-0.));
#190 = CYLINDRICAL_SURFACE('',#191,2.286);
#191 = AXIS2_PLACEMENT_3D('',#192,#193,#194);
#192 = CARTESIAN_POINT('',(64.262,2.54,-2.286));
#193 = DIRECTION('',(-0.,-1.,-0.));
#194 = DIRECTION('',(0.,0.,-1.));
#195 = ADVANCED_FACE('',(#196),#214,.F.);
#196 = FACE_BOUND('',#197,.T.);
#197 = EDGE_LOOP('',(#198,#206,#212,#213));
#198 = ORIENTED_EDGE('',*,*,#199,.T.);
#199 = EDGE_CURVE('',#170,#200,#202,.T.);
#200 = VERTEX_POINT('',#201);
#201 = CARTESIAN_POINT('',(66.548,0.,-109.9185));
#202 = LINE('',#203,#204);
#203 = CARTESIAN_POINT('',(66.548,0.,-2.286));
#204 = VECTOR('',#205,1.);
#205 = DIRECTION('',(0.,0.,-1.));
#206 = ORIENTED_EDGE('',*,*,#207,.F.);
#207 = EDGE_CURVE('',#33,#200,#208,.T.);
#208 = LINE('',#209,#210);
#209 = CARTESIAN_POINT('',(66.548,2.54,-109.9185));
#210 = VECTOR('',#211,1.);
#211 = DIRECTION('',(-0.,-1.,-0.));
#212 = ORIENTED_EDGE('',*,*,#32,.F.);
#213 = ORIENTED_EDGE('',*,*,#178,.T.);
#214 = PLANE('',#215);
#215 = AXIS2_PLACEMENT_3D('',#216,#217,#218);
#216 = CARTESIAN_POINT('',(66.548,2.54,-2.286));
#217 = DIRECTION('',(-1.,0.,0.));
#218 = DIRECTION('',(0.,0.,1.));
#219 = ADVANCED_FACE('',(#220),#239,.T.);
#220 = FACE_BOUND('',#221,.T.);
#221 = EDGE_LOOP('',(#222,#231,#237,#238));
#222 = ORIENTED_EDGE('',*,*,#223,.T.);
#223 = EDGE_CURVE('',#200,#224,#226,.T.);
#224 = VERTEX_POINT('',#225);
#225 = CARTESIAN_POINT('',(64.262,0.,-112.2045));
#226 = CIRCLE('',#227,2.286);
#227 = AXIS2_PLACEMENT_3D('',#228,#229,#230);
#228 = CARTESIAN_POINT('',(64.262,0.,-109.9185));
#229 = DIRECTION('',(0.,1.,0.));
#230 = DIRECTION('',(0.,0.,-1.));
#231 = ORIENTED_EDGE('',*,*,#232,.F.);
#232 = EDGE_CURVE('',#41,#224,#233,.T.);
#233 = LINE('',#234,#235);
#234 = CARTESIAN_POINT('',(64.262,2.54,-112.2045));
#235 = VECTOR('',#236,1.);
#236 = DIRECTION('',(-0.,-1.,-0.));
#237 = ORIENTED_EDGE('',*,*,#40,.F.);
#238 = ORIENTED_EDGE('',*,*,#207,.T.);
#239 = CYLINDRICAL_SURFACE('',#240,2.286);
#240 = AXIS2_PLACEMENT_3D('',#241,#242,#243);
#241 = CARTESIAN_POINT('',(64.262,2.54,-109.9185));
#242 = DIRECTION('',(-0.,-1.,-0.));
#243 = DIRECTION('',(0.,0.,-1.));
#244 = ADVANCED_FACE('',(#245),#263,.F.);
#245 = FACE_BOUND('',#246,.T.);
#246 = EDGE_LOOP('',(#247,#255,#261,#262));
#247 = ORIENTED_EDGE('',*,*,#248,.T.);
#248 = EDGE_CURVE('',#224,#249,#251,.T.);
#249 = VERTEX_POINT('',#250);
#250 = CARTESIAN_POINT('',(2.286,0.,-112.2045));
#251 = LINE('',#252,#253);
#252 = CARTESIAN_POINT('',(2.286,0.,-112.2045));
#253 = VECTOR('',#254,1.);
#254 = DIRECTION('',(-1.,-0.,-0.));
#255 = ORIENTED_EDGE('',*,*,#256,.F.);
#256 = EDGE_CURVE('',#50,#249,#257,.T.);
#257 = LINE('',#258,#259);
#258 = CARTESIAN_POINT('',(2.286,2.54,-112.2045));
#259 = VECTOR('',#260,1.);
#260 = DIRECTION('',(-0.,-1.,-0.));
#261 = ORIENTED_EDGE('',*,*,#49,.F.);
#262 = ORIENTED_EDGE('',*,*,#232,.T.);
#263 = PLANE('',#264);
#264 = AXIS2_PLACEMENT_3D('',#265,#266,#267);
#265 = CARTESIAN_POINT('',(2.286,2.54,-112.2045));
#266 = DIRECTION('',(0.,0.,1.));
#267 = DIRECTION('',(1.,0.,0.));
#268 = ADVANCED_FACE('',(#269),#288,.T.);
#269 = FACE_BOUND('',#270,.T.);
#270 = EDGE_LOOP('',(#271,#280,#286,#287));
#271 = ORIENTED_EDGE('',*,*,#272,.T.);
#272 = EDGE_CURVE('',#249,#273,#275,.T.);
#273 = VERTEX_POINT('',#274);
#274 = CARTESIAN_POINT('',(0.,0.,-109.9185));
#275 = CIRCLE('',#276,2.286);
#276 = AXIS2_PLACEMENT_3D('',#277,#278,#279);
#277 = CARTESIAN_POINT('',(2.286,0.,-109.9185));
#278 = DIRECTION('',(0.,1.,0.));
#279 = DIRECTION('',(0.,0.,-1.));
#280 = ORIENTED_EDGE('',*,*,#281,.F.);
#281 = EDGE_CURVE('',#58,#273,#282,.T.);
#282 = LINE('',#283,#284);
#283 = CARTESIAN_POINT('',(0.,2.54,-109.9185));
#284 = VECTOR('',#285,1.);
#285 = DIRECTION('',(-0.,-1.,-0.));
#286 = ORIENTED_EDGE('',*,*,#57,.F.);
#287 = ORIENTED_EDGE('',*,*,#256,.T.);
#288 = CYLINDRICAL_SURFACE('',#289,2.286);
#289 = AXIS2_PLACEMENT_3D('',#290,#291,#292);
#290 = CARTESIAN_POINT('',(2.286,2.54,-109.9185));
#291 = DIRECTION('',(-0.,-1.,-0.));
#292 = DIRECTION('',(0.,0.,-1.));
#293 = ADVANCED_FACE('',(#294),#312,.F.);
#294 = FACE_BOUND('',#295,.T.);
#295 = EDGE_LOOP('',(#296,#304,#310,#311));
#296 = ORIENTED_EDGE('',*,*,#297,.T.);
#297 = EDGE_CURVE('',#273,#298,#300,.T.);
#298 = VERTEX_POINT('',#299);
#299 = CARTESIAN_POINT('',(0.,0.,-2.286));
#300 = LINE('',#301,#302);
#301 = CARTESIAN_POINT('',(0.,0.,-2.286));
#302 = VECTOR('',#303,1.);
#303 = DIRECTION('',(0.,0.,1.));
#304 = ORIENTED_EDGE('',*,*,#305,.F.);
#305 = EDGE_CURVE('',#67,#298,#306,.T.);
#306 = LINE('',#307,#308);
#307 = CARTESIAN_POINT('',(0.,2.54,-2.286));
#308 = VECTOR('',#309,1.);
#309 = DIRECTION('',(-0.,-1.,-0.));
#310 = ORIENTED_EDGE('',*,*,#66,.F.);
#311 = ORIENTED_EDGE('',*,*,#281,.T.);
#312 = PLANE('',#313);
#313 = AXIS2_PLACEMENT_3D('',#314,#315,#316);
#314 = CARTESIAN_POINT('',(0.,2.54,-2.286));
#315 = DIRECTION('',(1.,0.,0.));
#316 = DIRECTION('',(0.,0.,-1.));
#317 = ADVANCED_FACE('',(#318),#337,.T.);
#318 = FACE_BOUND('',#319,.T.);
#319 = EDGE_LOOP('',(#320,#329,#335,#336));
#320 = ORIENTED_EDGE('',*,*,#321,.T.);
#321 = EDGE_CURVE('',#298,#322,#324,.T.);
#322 = VERTEX_POINT('',#323);
#323 = CARTESIAN_POINT('',(2.286,0.,0.));
#324 = CIRCLE('',#325,2.286);
#325 = AXIS2_PLACEMENT_3D('',#326,#327,#328);
#326 = CARTESIAN_POINT('',(2.286,0.,-2.286));
#327 = DIRECTION('',(0.,1.,0.));
#328 = DIRECTION('',(0.,0.,-1.));
#329 = ORIENTED_EDGE('',*,*,#330,.F.);
#330 = EDGE_CURVE('',#75,#322,#331,.T.);
#331 = LINE('',#332,#333);
#332 = CARTESIAN_POINT('',(2.286,2.54,0.));
#333 = VECTOR('',#334,1.);
#334 = DIRECTION('',(-0.,-1.,-0.));
#335 = ORIENTED_EDGE('',*,*,#74,.F.);
#336 = ORIENTED_EDGE('',*,*,#305,.T.);
#337 = CYLINDRICAL_SURFACE('',#338,2.286);
#338 = AXIS2_PLACEMENT_3D('',#339,#340,#341);
#339 = CARTESIAN_POINT('',(2.286,2.54,-2.286));
#340 = DIRECTION('',(-0.,-1.,-0.));
#341 = DIRECTION('',(0.,0.,-1.));
#342 = ADVANCED_FACE('',(#343),#354,.F.);
#343 = FACE_BOUND('',#344,.T.);
#344 = EDGE_LOOP('',(#345,#351,#352,#353));
#345 = ORIENTED_EDGE('',*,*,#346,.T.);
#346 = EDGE_CURVE('',#322,#168,#347,.T.);
#347 = LINE('',#348,#349);
#348 = CARTESIAN_POINT('',(2.286,0.,0.));
#349 = VECTOR('',#350,1.);
#350 = DIRECTION('',(1.,0.,0.));
#351 = ORIENTED_EDGE('',*,*,#185,.F.);
#352 = ORIENTED_EDGE('',*,*,#83,.F.);
#353 = ORIENTED_EDGE('',*,*,#330,.T.);
#354 = PLANE('',#355);
#355 = AXIS2_PLACEMENT_3D('',#356,#357,#358);
#356 = CARTESIAN_POINT('',(2.286,2.54,0.));
#357 = DIRECTION('',(0.,0.,-1.));
#358 = DIRECTION('',(-1.,0.,0.));
#359 = ADVANCED_FACE('',(#360),#385,.F.);
#360 = FACE_BOUND('',#361,.T.);
#361 = EDGE_LOOP('',(#362,#363,#371,#379));
#362 = ORIENTED_EDGE('',*,*,#91,.T.);
#363 = ORIENTED_EDGE('',*,*,#364,.F.);
#364 = EDGE_CURVE('',#365,#94,#367,.T.);
#365 = VERTEX_POINT('',#366);
#366 = CARTESIAN_POINT('',(62.738,5.08,-1.524));
#367 = LINE('',#368,#369);
#368 = CARTESIAN_POINT('',(62.738,5.08,-1.524));
#369 = VECTOR('',#370,1.);
#370 = DIRECTION('',(-0.,-1.,-0.));
#371 = ORIENTED_EDGE('',*,*,#372,.F.);
#372 = EDGE_CURVE('',#373,#365,#375,.T.);
#373 = VERTEX_POINT('',#374);
#374 = CARTESIAN_POINT('',(3.81,5.08,-1.524));
#375 = LINE('',#376,#377);
#376 = CARTESIAN_POINT('',(3.81,5.08,-1.524));
#377 = VECTOR('',#378,1.);
#378 = DIRECTION('',(1.,0.,1.E-17));
#379 = ORIENTED_EDGE('',*,*,#380,.T.);
#380 = EDGE_CURVE('',#373,#92,#381,.T.);
#381 = LINE('',#382,#383);
#382 = CARTESIAN_POINT('',(3.81,5.08,-1.524));
#383 = VECTOR('',#384,1.);
#384 = DIRECTION('',(-0.,-1.,-0.));
#385 = PLANE('',#386);
#386 = AXIS2_PLACEMENT_3D('',#387,#388,#389);
#387 = CARTESIAN_POINT('',(3.81,5.08,-1.524));
#388 = DIRECTION('',(1.E-17,0.,-1.));
#389 = DIRECTION('',(-1.,0.,-1.E-17));
#390 = ADVANCED_FACE('',(#391),#410,.T.);
#391 = FACE_BOUND('',#392,.T.);
#392 = EDGE_LOOP('',(#393,#394,#395,#404));
#393 = ORIENTED_EDGE('',*,*,#101,.T.);
#394 = ORIENTED_EDGE('',*,*,#380,.F.);
#395 = ORIENTED_EDGE('',*,*,#396,.F.);
#396 = EDGE_CURVE('',#397,#373,#399,.T.);
#397 = VERTEX_POINT('',#398);
#398 = CARTESIAN_POINT('',(1.524,5.08,-3.81));
#399 = CIRCLE('',#400,2.286);
#400 = AXIS2_PLACEMENT_3D('',#401,#402,#403);
#401 = CARTESIAN_POINT('',(3.81,5.08,-3.81));
#402 = DIRECTION('',(0.,1.,0.));
#403 = DIRECTION('',(0.,0.,1.));
#404 = ORIENTED_EDGE('',*,*,#405,.T.);
#405 = EDGE_CURVE('',#397,#102,#406,.T.);
#406 = LINE('',#407,#408);
#407 = CARTESIAN_POINT('',(1.524,5.08,-3.81));
#408 = VECTOR('',#409,1.);
#409 = DIRECTION('',(-0.,-1.,-0.));
#410 = CYLINDRICAL_SURFACE('',#411,2.286);
#411 = AXIS2_PLACEMENT_3D('',#412,#413,#414);
#412 = CARTESIAN_POINT('',(3.81,5.08,-3.81));
#413 = DIRECTION('',(-0.,-1.,-0.));
#414 = DIRECTION('',(0.,0.,-1.));
#415 = ADVANCED_FACE('',(#416),#434,.F.);
#416 = FACE_BOUND('',#417,.T.);
#417 = EDGE_LOOP('',(#418,#419,#420,#428));
#418 = ORIENTED_EDGE('',*,*,#110,.T.);
#419 = ORIENTED_EDGE('',*,*,#405,.F.);
#420 = ORIENTED_EDGE('',*,*,#421,.F.);
#421 = EDGE_CURVE('',#422,#397,#424,.T.);
#422 = VERTEX_POINT('',#423);
#423 = CARTESIAN_POINT('',(1.524,5.08,-108.3945));
#424 = LINE('',#425,#426);
#425 = CARTESIAN_POINT('',(1.524,5.08,-108.3945));
#426 = VECTOR('',#427,1.);
#427 = DIRECTION('',(1.2E-16,0.,1.));
#428 = ORIENTED_EDGE('',*,*,#429,.T.);
#429 = EDGE_CURVE('',#422,#111,#430,.T.);
#430 = LINE('',#431,#432);
#431 = CARTESIAN_POINT('',(1.524,5.08,-108.3945));
#432 = VECTOR('',#433,1.);
#433 = DIRECTION('',(-0.,-1.,-0.));
#434 = PLANE('',#435);
#435 = AXIS2_PLACEMENT_3D('',#436,#437,#438);
#436 = CARTESIAN_POINT('',(1.524,5.08,-108.3945));
#437 = DIRECTION('',(1.,0.,-1.2E-16));
#438 = DIRECTION('',(-1.2E-16,0.,-1.));
#439 = ADVANCED_FACE('',(#440),#459,.T.);
#440 = FACE_BOUND('',#441,.T.);
#441 = EDGE_LOOP('',(#442,#443,#444,#453));
#442 = ORIENTED_EDGE('',*,*,#118,.T.);
#443 = ORIENTED_EDGE('',*,*,#429,.F.);
#444 = ORIENTED_EDGE('',*,*,#445,.F.);
#445 = EDGE_CURVE('',#446,#422,#448,.T.);
#446 = VERTEX_POINT('',#447);
#447 = CARTESIAN_POINT('',(3.81,5.08,-110.6805));
#448 = CIRCLE('',#449,2.286);
#449 = AXIS2_PLACEMENT_3D('',#450,#451,#452);
#450 = CARTESIAN_POINT('',(3.81,5.08,-108.3945));
#451 = DIRECTION('',(0.,1.,0.));
#452 = DIRECTION('',(0.,0.,1.));
#453 = ORIENTED_EDGE('',*,*,#454,.T.);
#454 = EDGE_CURVE('',#446,#119,#455,.T.);
#455 = LINE('',#456,#457);
#456 = CARTESIAN_POINT('',(3.81,5.08,-110.6805));
#457 = VECTOR('',#458,1.);
#458 = DIRECTION('',(-0.,-1.,-0.));
#459 = CYLINDRICAL_SURFACE('',#460,2.286);
#460 = AXIS2_PLACEMENT_3D('',#461,#462,#463);
#461 = CARTESIAN_POINT('',(3.81,5.08,-108.3945));
#462 = DIRECTION('',(-0.,-1.,-0.));
#463 = DIRECTION('',(0.,0.,-1.));
#464 = ADVANCED_FACE('',(#465),#483,.F.);
#465 = FACE_BOUND('',#466,.T.);
#466 = EDGE_LOOP('',(#467,#468,#469,#477));
#467 = ORIENTED_EDGE('',*,*,#127,.T.);
#468 = ORIENTED_EDGE('',*,*,#454,.F.);
#469 = ORIENTED_EDGE('',*,*,#470,.F.);
#470 = EDGE_CURVE('',#471,#446,#473,.T.);
#471 = VERTEX_POINT('',#472);
#472 = CARTESIAN_POINT('',(62.738,5.08,-110.6805));
#473 = LINE('',#474,#475);
#474 = CARTESIAN_POINT('',(3.81,5.08,-110.6805));
#475 = VECTOR('',#476,1.);
#476 = DIRECTION('',(-1.,0.,0.));
#477 = ORIENTED_EDGE('',*,*,#478,.T.);
#478 = EDGE_CURVE('',#471,#128,#479,.T.);
#479 = LINE('',#480,#481);
#480 = CARTESIAN_POINT('',(62.738,5.08,-110.6805));
#481 = VECTOR('',#482,1.);
#482 = DIRECTION('',(-0.,-1.,-0.));
#483 = PLANE('',#484);
#484 = AXIS2_PLACEMENT_3D('',#485,#486,#487);
#485 = CARTESIAN_POINT('',(3.81,5.08,-110.6805));
#486 = DIRECTION('',(0.,0.,1.));
#487 = DIRECTION('',(1.,0.,0.));
#488 = ADVANCED_FACE('',(#489),#508,.T.);
#489 = FACE_BOUND('',#490,.T.);
#490 = EDGE_LOOP('',(#491,#492,#493,#502));
#491 = ORIENTED_EDGE('',*,*,#135,.T.);
#492 = ORIENTED_EDGE('',*,*,#478,.F.);
#493 = ORIENTED_EDGE('',*,*,#494,.F.);
#494 = EDGE_CURVE('',#495,#471,#497,.T.);
#495 = VERTEX_POINT('',#496);
#496 = CARTESIAN_POINT('',(65.024,5.08,-108.3945));
#497 = CIRCLE('',#498,2.286);
#498 = AXIS2_PLACEMENT_3D('',#499,#500,#501);
#499 = CARTESIAN_POINT('',(62.738,5.08,-108.3945));
#500 = DIRECTION('',(0.,1.,0.));
#501 = DIRECTION('',(0.,0.,-1.));
#502 = ORIENTED_EDGE('',*,*,#503,.T.);
#503 = EDGE_CURVE('',#495,#136,#504,.T.);
#504 = LINE('',#505,#506);
#505 = CARTESIAN_POINT('',(65.024,5.08,-108.3945));
#506 = VECTOR('',#507,1.);
#507 = DIRECTION('',(-0.,-1.,-0.));
#508 = CYLINDRICAL_SURFACE('',#509,2.286);
#509 = AXIS2_PLACEMENT_3D('',#510,#511,#512);
#510 = CARTESIAN_POINT('',(62.738,5.08,-108.3945));
#511 = DIRECTION('',(-0.,-1.,-0.));
#512 = DIRECTION('',(0.,0.,-1.));
#513 = ADVANCED_FACE('',(#514),#532,.F.);
#514 = FACE_BOUND('',#515,.T.);
#515 = EDGE_LOOP('',(#516,#517,#518,#526));
#516 = ORIENTED_EDGE('',*,*,#144,.T.);
#517 = ORIENTED_EDGE('',*,*,#503,.F.);
#518 = ORIENTED_EDGE('',*,*,#519,.F.);
#519 = EDGE_CURVE('',#520,#495,#522,.T.);
#520 = VERTEX_POINT('',#521);
#521 = CARTESIAN_POINT('',(65.024,5.08,-3.81));
#522 = LINE('',#523,#524);
#523 = CARTESIAN_POINT('',(65.024,5.08,-108.3945));
#524 = VECTOR('',#525,1.);
#525 = DIRECTION('',(-1.3E-16,0.,-1.));
#526 = ORIENTED_EDGE('',*,*,#527,.T.);
#527 = EDGE_CURVE('',#520,#145,#528,.T.);
#528 = LINE('',#529,#530);
#529 = CARTESIAN_POINT('',(65.024,5.08,-3.81));
#530 = VECTOR('',#531,1.);
#531 = DIRECTION('',(-0.,-1.,-0.));
#532 = PLANE('',#533);
#533 = AXIS2_PLACEMENT_3D('',#534,#535,#536);
#534 = CARTESIAN_POINT('',(65.024,5.08,-108.3945));
#535 = DIRECTION('',(-1.,0.,1.3E-16));
#536 = DIRECTION('',(1.3E-16,0.,1.));
#537 = ADVANCED_FACE('',(#538),#550,.T.);
#538 = FACE_BOUND('',#539,.T.);
#539 = EDGE_LOOP('',(#540,#541,#542,#549));
#540 = ORIENTED_EDGE('',*,*,#152,.T.);
#541 = ORIENTED_EDGE('',*,*,#527,.F.);
#542 = ORIENTED_EDGE('',*,*,#543,.F.);
#543 = EDGE_CURVE('',#365,#520,#544,.T.);
#544 = CIRCLE('',#545,2.286);
#545 = AXIS2_PLACEMENT_3D('',#546,#547,#548);
#546 = CARTESIAN_POINT('',(62.738,5.08,-3.81));
#547 = DIRECTION('',(0.,1.,0.));
#548 = DIRECTION('',(0.,0.,1.));
#549 = ORIENTED_EDGE('',*,*,#364,.T.);
#550 = CYLINDRICAL_SURFACE('',#551,2.286);
#551 = AXIS2_PLACEMENT_3D('',#552,#553,#554);
#552 = CARTESIAN_POINT('',(62.738,5.08,-3.81));
#553 = DIRECTION('',(-0.,-1.,-0.));
#554 = DIRECTION('',(0.,0.,-1.));
#555 = ADVANCED_FACE('',(#556,#566,#600,#634,#668,#702,#736,#770,#804,
    #838,#872,#906,#940,#974,#1008),#1042,.F.);
#556 = FACE_BOUND('',#557,.F.);
#557 = EDGE_LOOP('',(#558,#559,#560,#561,#562,#563,#564,#565));
#558 = ORIENTED_EDGE('',*,*,#167,.T.);
#559 = ORIENTED_EDGE('',*,*,#199,.T.);
#560 = ORIENTED_EDGE('',*,*,#223,.T.);
#561 = ORIENTED_EDGE('',*,*,#248,.T.);
#562 = ORIENTED_EDGE('',*,*,#272,.T.);
#563 = ORIENTED_EDGE('',*,*,#297,.T.);
#564 = ORIENTED_EDGE('',*,*,#321,.T.);
#565 = ORIENTED_EDGE('',*,*,#346,.T.);
#566 = FACE_BOUND('',#567,.F.);
#567 = EDGE_LOOP('',(#568,#578,#586,#594));
#568 = ORIENTED_EDGE('',*,*,#569,.T.);
#569 = EDGE_CURVE('',#570,#572,#574,.T.);
#570 = VERTEX_POINT('',#571);
#571 = CARTESIAN_POINT('',(31.496,-2.1E-14,-94.6785));
#572 = VERTEX_POINT('',#573);
#573 = CARTESIAN_POINT('',(3.556,-2.1E-14,-94.6785));
#574 = LINE('',#575,#576);
#575 = CARTESIAN_POINT('',(31.496,0.,-94.6785));
#576 = VECTOR('',#577,1.);
#577 = DIRECTION('',(-1.,0.,0.));
#578 = ORIENTED_EDGE('',*,*,#579,.T.);
#579 = EDGE_CURVE('',#572,#580,#582,.T.);
#580 = VERTEX_POINT('',#581);
#581 = CARTESIAN_POINT('',(3.556,-2.4E-14,-108.1405));
#582 = LINE('',#583,#584);
#583 = CARTESIAN_POINT('',(3.556,0.,-94.6785));
#584 = VECTOR('',#585,1.);
#585 = DIRECTION('',(0.,0.,-1.));
#586 = ORIENTED_EDGE('',*,*,#587,.T.);
#587 = EDGE_CURVE('',#580,#588,#590,.T.);
#588 = VERTEX_POINT('',#589);
#589 = CARTESIAN_POINT('',(31.496,-2.4E-14,-108.1405));
#590 = LINE('',#591,#592);
#591 = CARTESIAN_POINT('',(3.556,0.,-108.1405));
#592 = VECTOR('',#593,1.);
#593 = DIRECTION('',(1.,0.,0.));
#594 = ORIENTED_EDGE('',*,*,#595,.T.);
#595 = EDGE_CURVE('',#588,#570,#596,.T.);
#596 = LINE('',#597,#598);
#597 = CARTESIAN_POINT('',(31.496,0.,-108.1405));
#598 = VECTOR('',#599,1.);
#599 = DIRECTION('',(0.,0.,1.));
#600 = FACE_BOUND('',#601,.F.);
#601 = EDGE_LOOP('',(#602,#612,#620,#628));
#602 = ORIENTED_EDGE('',*,*,#603,.T.);
#603 = EDGE_CURVE('',#604,#606,#608,.T.);
#604 = VERTEX_POINT('',#605);
#605 = CARTESIAN_POINT('',(31.496,-1.8E-14,-79.5655));
#606 = VERTEX_POINT('',#607);
#607 = CARTESIAN_POINT('',(3.556,-1.8E-14,-79.5655));
#608 = LINE('',#609,#610);
#609 = CARTESIAN_POINT('',(31.496,0.,-79.5655));
#610 = VECTOR('',#611,1.);
#611 = DIRECTION('',(-1.,0.,0.));
#612 = ORIENTED_EDGE('',*,*,#613,.T.);
#613 = EDGE_CURVE('',#606,#614,#616,.T.);
#614 = VERTEX_POINT('',#615);
#615 = CARTESIAN_POINT('',(3.556,-2.1E-14,-93.0275));
#616 = LINE('',#617,#618);
#617 = CARTESIAN_POINT('',(3.556,0.,-79.5655));
#618 = VECTOR('',#619,1.);
#619 = DIRECTION('',(0.,0.,-1.));
#620 = ORIENTED_EDGE('',*,*,#621,.T.);
#621 = EDGE_CURVE('',#614,#622,#624,.T.);
#622 = VERTEX_POINT('',#623);
#623 = CARTESIAN_POINT('',(31.496,-2.1E-14,-93.0275));
#624 = LINE('',#625,#626);
#625 = CARTESIAN_POINT('',(3.556,0.,-93.0275));
#626 = VECTOR('',#627,1.);
#627 = DIRECTION('',(1.,0.,0.));
#628 = ORIENTED_EDGE('',*,*,#629,.T.);
#629 = EDGE_CURVE('',#622,#604,#630,.T.);
#630 = LINE('',#631,#632);
#631 = CARTESIAN_POINT('',(31.496,0.,-93.0275));
#632 = VECTOR('',#633,1.);
#633 = DIRECTION('',(0.,0.,1.));
#634 = FACE_BOUND('',#635,.F.);
#635 = EDGE_LOOP('',(#636,#646,#654,#662));
#636 = ORIENTED_EDGE('',*,*,#637,.F.);
#637 = EDGE_CURVE('',#638,#640,#642,.T.);
#638 = VERTEX_POINT('',#639);
#639 = CARTESIAN_POINT('',(3.556,0.,-64.4525));
#640 = VERTEX_POINT('',#641);
#641 = CARTESIAN_POINT('',(31.496,0.,-64.4525));
#642 = LINE('',#643,#644);
#643 = CARTESIAN_POINT('',(31.496,0.,-64.4525));
#644 = VECTOR('',#645,1.);
#645 = DIRECTION('',(1.,0.,0.));
#646 = ORIENTED_EDGE('',*,*,#647,.F.);
#647 = EDGE_CURVE('',#648,#638,#650,.T.);
#648 = VERTEX_POINT('',#649);
#649 = CARTESIAN_POINT('',(3.556,0.,-77.9145));
#650 = LINE('',#651,#652);
#651 = CARTESIAN_POINT('',(3.556,0.,-64.4525));
#652 = VECTOR('',#653,1.);
#653 = DIRECTION('',(0.,0.,1.));
#654 = ORIENTED_EDGE('',*,*,#655,.F.);
#655 = EDGE_CURVE('',#656,#648,#658,.T.);
#656 = VERTEX_POINT('',#657);
#657 = CARTESIAN_POINT('',(31.496,0.,-77.9145));
#658 = LINE('',#659,#660);
#659 = CARTESIAN_POINT('',(31.496,0.,-77.9145));
#660 = VECTOR('',#661,1.);
#661 = DIRECTION('',(-1.,0.,0.));
#662 = ORIENTED_EDGE('',*,*,#663,.F.);
#663 = EDGE_CURVE('',#640,#656,#664,.T.);
#664 = LINE('',#665,#666);
#665 = CARTESIAN_POINT('',(31.496,0.,-64.4525));
#666 = VECTOR('',#667,1.);
#667 = DIRECTION('',(0.,0.,-1.));
#668 = FACE_BOUND('',#669,.F.);
#669 = EDGE_LOOP('',(#670,#680,#688,#696));
#670 = ORIENTED_EDGE('',*,*,#671,.F.);
#671 = EDGE_CURVE('',#672,#674,#676,.T.);
#672 = VERTEX_POINT('',#673);
#673 = CARTESIAN_POINT('',(31.496,0.,-62.8015));
#674 = VERTEX_POINT('',#675);
#675 = CARTESIAN_POINT('',(3.556,0.,-62.8015));
#676 = LINE('',#677,#678);
#677 = CARTESIAN_POINT('',(3.556,0.,-62.8015));
#678 = VECTOR('',#679,1.);
#679 = DIRECTION('',(-1.,-0.,-0.));
#680 = ORIENTED_EDGE('',*,*,#681,.F.);
#681 = EDGE_CURVE('',#682,#672,#684,.T.);
#682 = VERTEX_POINT('',#683);
#683 = CARTESIAN_POINT('',(31.496,0.,-49.3395));
#684 = LINE('',#685,#686);
#685 = CARTESIAN_POINT('',(31.496,0.,-49.3395));
#686 = VECTOR('',#687,1.);
#687 = DIRECTION('',(0.,0.,-1.));
#688 = ORIENTED_EDGE('',*,*,#689,.F.);
#689 = EDGE_CURVE('',#690,#682,#692,.T.);
#690 = VERTEX_POINT('',#691);
#691 = CARTESIAN_POINT('',(3.556,0.,-49.3395));
#692 = LINE('',#693,#694);
#693 = CARTESIAN_POINT('',(3.556,0.,-49.3395));
#694 = VECTOR('',#695,1.);
#695 = DIRECTION('',(1.,0.,0.));
#696 = ORIENTED_EDGE('',*,*,#697,.F.);
#697 = EDGE_CURVE('',#674,#690,#698,.T.);
#698 = LINE('',#699,#700);
#699 = CARTESIAN_POINT('',(3.556,0.,-49.3395));
#700 = VECTOR('',#701,1.);
#701 = DIRECTION('',(0.,0.,1.));
#702 = FACE_BOUND('',#703,.F.);
#703 = EDGE_LOOP('',(#704,#714,#722,#730));
#704 = ORIENTED_EDGE('',*,*,#705,.F.);
#705 = EDGE_CURVE('',#706,#708,#710,.T.);
#706 = VERTEX_POINT('',#707);
#707 = CARTESIAN_POINT('',(3.556,0.,-34.2265));
#708 = VERTEX_POINT('',#709);
#709 = CARTESIAN_POINT('',(31.496,0.,-34.2265));
#710 = LINE('',#711,#712);
#711 = CARTESIAN_POINT('',(31.496,0.,-34.2265));
#712 = VECTOR('',#713,1.);
#713 = DIRECTION('',(1.,0.,0.));
#714 = ORIENTED_EDGE('',*,*,#715,.F.);
#715 = EDGE_CURVE('',#716,#706,#718,.T.);
#716 = VERTEX_POINT('',#717);
#717 = CARTESIAN_POINT('',(3.556,0.,-47.6885));
#718 = LINE('',#719,#720);
#719 = CARTESIAN_POINT('',(3.556,0.,-34.2265));
#720 = VECTOR('',#721,1.);
#721 = DIRECTION('',(0.,0.,1.));
#722 = ORIENTED_EDGE('',*,*,#723,.F.);
#723 = EDGE_CURVE('',#724,#716,#726,.T.);
#724 = VERTEX_POINT('',#725);
#725 = CARTESIAN_POINT('',(31.496,0.,-47.6885));
#726 = LINE('',#727,#728);
#727 = CARTESIAN_POINT('',(31.496,0.,-47.6885));
#728 = VECTOR('',#729,1.);
#729 = DIRECTION('',(-1.,0.,0.));
#730 = ORIENTED_EDGE('',*,*,#731,.F.);
#731 = EDGE_CURVE('',#708,#724,#732,.T.);
#732 = LINE('',#733,#734);
#733 = CARTESIAN_POINT('',(31.496,0.,-34.2265));
#734 = VECTOR('',#735,1.);
#735 = DIRECTION('',(0.,0.,-1.));
#736 = FACE_BOUND('',#737,.F.);
#737 = EDGE_LOOP('',(#738,#748,#756,#764));
#738 = ORIENTED_EDGE('',*,*,#739,.F.);
#739 = EDGE_CURVE('',#740,#742,#744,.T.);
#740 = VERTEX_POINT('',#741);
#741 = CARTESIAN_POINT('',(31.496,0.,-32.5755));
#742 = VERTEX_POINT('',#743);
#743 = CARTESIAN_POINT('',(3.556,0.,-32.5755));
#744 = LINE('',#745,#746);
#745 = CARTESIAN_POINT('',(3.556,0.,-32.5755));
#746 = VECTOR('',#747,1.);
#747 = DIRECTION('',(-1.,-0.,-0.));
#748 = ORIENTED_EDGE('',*,*,#749,.F.);
#749 = EDGE_CURVE('',#750,#740,#752,.T.);
#750 = VERTEX_POINT('',#751);
#751 = CARTESIAN_POINT('',(31.496,0.,-19.1135));
#752 = LINE('',#753,#754);
#753 = CARTESIAN_POINT('',(31.496,0.,-19.1135));
#754 = VECTOR('',#755,1.);
#755 = DIRECTION('',(0.,0.,-1.));
#756 = ORIENTED_EDGE('',*,*,#757,.F.);
#757 = EDGE_CURVE('',#758,#750,#760,.T.);
#758 = VERTEX_POINT('',#759);
#759 = CARTESIAN_POINT('',(3.556,0.,-19.1135));
#760 = LINE('',#761,#762);
#761 = CARTESIAN_POINT('',(3.556,0.,-19.1135));
#762 = VECTOR('',#763,1.);
#763 = DIRECTION('',(1.,0.,0.));
#764 = ORIENTED_EDGE('',*,*,#765,.F.);
#765 = EDGE_CURVE('',#742,#758,#766,.T.);
#766 = LINE('',#767,#768);
#767 = CARTESIAN_POINT('',(3.556,0.,-19.1135));
#768 = VECTOR('',#769,1.);
#769 = DIRECTION('',(0.,0.,1.));
#770 = FACE_BOUND('',#771,.F.);
#771 = EDGE_LOOP('',(#772,#782,#790,#798));
#772 = ORIENTED_EDGE('',*,*,#773,.F.);
#773 = EDGE_CURVE('',#774,#776,#778,.T.);
#774 = VERTEX_POINT('',#775);
#775 = CARTESIAN_POINT('',(3.556,0.,-4.0005));
#776 = VERTEX_POINT('',#777);
#777 = CARTESIAN_POINT('',(31.496,0.,-4.0005));
#778 = LINE('',#779,#780);
#779 = CARTESIAN_POINT('',(31.496,0.,-4.0005));
#780 = VECTOR('',#781,1.);
#781 = DIRECTION('',(1.,0.,-1.2E-16));
#782 = ORIENTED_EDGE('',*,*,#783,.F.);
#783 = EDGE_CURVE('',#784,#774,#786,.T.);
#784 = VERTEX_POINT('',#785);
#785 = CARTESIAN_POINT('',(3.556,0.,-17.4625));
#786 = LINE('',#787,#788);
#787 = CARTESIAN_POINT('',(3.556,0.,-4.0005));
#788 = VECTOR('',#789,1.);
#789 = DIRECTION('',(1.3E-16,0.,1.));
#790 = ORIENTED_EDGE('',*,*,#791,.F.);
#791 = EDGE_CURVE('',#792,#784,#794,.T.);
#792 = VERTEX_POINT('',#793);
#793 = CARTESIAN_POINT('',(31.496,0.,-17.4625));
#794 = LINE('',#795,#796);
#795 = CARTESIAN_POINT('',(31.496,0.,-17.4625));
#796 = VECTOR('',#797,1.);
#797 = DIRECTION('',(-1.,0.,1.2E-16));
#798 = ORIENTED_EDGE('',*,*,#799,.F.);
#799 = EDGE_CURVE('',#776,#792,#800,.T.);
#800 = LINE('',#801,#802);
#801 = CARTESIAN_POINT('',(31.496,0.,-4.0005));
#802 = VECTOR('',#803,1.);
#803 = DIRECTION('',(0.,0.,-1.));
#804 = FACE_BOUND('',#805,.F.);
#805 = EDGE_LOOP('',(#806,#816,#824,#832));
#806 = ORIENTED_EDGE('',*,*,#807,.T.);
#807 = EDGE_CURVE('',#808,#810,#812,.T.);
#808 = VERTEX_POINT('',#809);
#809 = CARTESIAN_POINT('',(62.992,-2.1E-14,-94.6785));
#810 = VERTEX_POINT('',#811);
#811 = CARTESIAN_POINT('',(35.052,-2.1E-14,-94.6785));
#812 = LINE('',#813,#814);
#813 = CARTESIAN_POINT('',(62.992,0.,-94.6785));
#814 = VECTOR('',#815,1.);
#815 = DIRECTION('',(-1.,0.,0.));
#816 = ORIENTED_EDGE('',*,*,#817,.T.);
#817 = EDGE_CURVE('',#810,#818,#820,.T.);
#818 = VERTEX_POINT('',#819);
#819 = CARTESIAN_POINT('',(35.052,-2.4E-14,-108.1405));
#820 = LINE('',#821,#822);
#821 = CARTESIAN_POINT('',(35.052,0.,-94.6785));
#822 = VECTOR('',#823,1.);
#823 = DIRECTION('',(0.,0.,-1.));
#824 = ORIENTED_EDGE('',*,*,#825,.T.);
#825 = EDGE_CURVE('',#818,#826,#828,.T.);
#826 = VERTEX_POINT('',#827);
#827 = CARTESIAN_POINT('',(62.992,-2.4E-14,-108.1405));
#828 = LINE('',#829,#830);
#829 = CARTESIAN_POINT('',(35.052,0.,-108.1405));
#830 = VECTOR('',#831,1.);
#831 = DIRECTION('',(1.,0.,0.));
#832 = ORIENTED_EDGE('',*,*,#833,.T.);
#833 = EDGE_CURVE('',#826,#808,#834,.T.);
#834 = LINE('',#835,#836);
#835 = CARTESIAN_POINT('',(62.992,0.,-108.1405));
#836 = VECTOR('',#837,1.);
#837 = DIRECTION('',(0.,0.,1.));
#838 = FACE_BOUND('',#839,.F.);
#839 = EDGE_LOOP('',(#840,#850,#858,#866));
#840 = ORIENTED_EDGE('',*,*,#841,.T.);
#841 = EDGE_CURVE('',#842,#844,#846,.T.);
#842 = VERTEX_POINT('',#843);
#843 = CARTESIAN_POINT('',(62.992,-1.8E-14,-79.5655));
#844 = VERTEX_POINT('',#845);
#845 = CARTESIAN_POINT('',(35.052,-1.8E-14,-79.5655));
#846 = LINE('',#847,#848);
#847 = CARTESIAN_POINT('',(62.992,0.,-79.5655));
#848 = VECTOR('',#849,1.);
#849 = DIRECTION('',(-1.,0.,0.));
#850 = ORIENTED_EDGE('',*,*,#851,.T.);
#851 = EDGE_CURVE('',#844,#852,#854,.T.);
#852 = VERTEX_POINT('',#853);
#853 = CARTESIAN_POINT('',(35.052,-2.1E-14,-93.0275));
#854 = LINE('',#855,#856);
#855 = CARTESIAN_POINT('',(35.052,0.,-79.5655));
#856 = VECTOR('',#857,1.);
#857 = DIRECTION('',(0.,0.,-1.));
#858 = ORIENTED_EDGE('',*,*,#859,.T.);
#859 = EDGE_CURVE('',#852,#860,#862,.T.);
#860 = VERTEX_POINT('',#861);
#861 = CARTESIAN_POINT('',(62.992,-2.1E-14,-93.0275));
#862 = LINE('',#863,#864);
#863 = CARTESIAN_POINT('',(35.052,0.,-93.0275));
#864 = VECTOR('',#865,1.);
#865 = DIRECTION('',(1.,0.,0.));
#866 = ORIENTED_EDGE('',*,*,#867,.T.);
#867 = EDGE_CURVE('',#860,#842,#868,.T.);
#868 = LINE('',#869,#870);
#869 = CARTESIAN_POINT('',(62.992,0.,-93.0275));
#870 = VECTOR('',#871,1.);
#871 = DIRECTION('',(0.,0.,1.));
#872 = FACE_BOUND('',#873,.F.);
#873 = EDGE_LOOP('',(#874,#884,#892,#900));
#874 = ORIENTED_EDGE('',*,*,#875,.F.);
#875 = EDGE_CURVE('',#876,#878,#880,.T.);
#876 = VERTEX_POINT('',#877);
#877 = CARTESIAN_POINT('',(35.052,0.,-64.4525));
#878 = VERTEX_POINT('',#879);
#879 = CARTESIAN_POINT('',(62.992,0.,-64.4525));
#880 = LINE('',#881,#882);
#881 = CARTESIAN_POINT('',(62.992,0.,-64.4525));
#882 = VECTOR('',#883,1.);
#883 = DIRECTION('',(1.,0.,5.E-16));
#884 = ORIENTED_EDGE('',*,*,#885,.F.);
#885 = EDGE_CURVE('',#886,#876,#888,.T.);
#886 = VERTEX_POINT('',#887);
#887 = CARTESIAN_POINT('',(35.052,0.,-77.9145));
#888 = LINE('',#889,#890);
#889 = CARTESIAN_POINT('',(35.052,0.,-64.4525));
#890 = VECTOR('',#891,1.);
#891 = DIRECTION('',(0.,0.,1.));
#892 = ORIENTED_EDGE('',*,*,#893,.F.);
#893 = EDGE_CURVE('',#894,#886,#896,.T.);
#894 = VERTEX_POINT('',#895);
#895 = CARTESIAN_POINT('',(62.992,0.,-77.9145));
#896 = LINE('',#897,#898);
#897 = CARTESIAN_POINT('',(62.992,0.,-77.9145));
#898 = VECTOR('',#899,1.);
#899 = DIRECTION('',(-1.,0.,0.));
#900 = ORIENTED_EDGE('',*,*,#901,.F.);
#901 = EDGE_CURVE('',#878,#894,#902,.T.);
#902 = LINE('',#903,#904);
#903 = CARTESIAN_POINT('',(62.992,0.,-64.4525));
#904 = VECTOR('',#905,1.);
#905 = DIRECTION('',(0.,0.,-1.));
#906 = FACE_BOUND('',#907,.F.);
#907 = EDGE_LOOP('',(#908,#918,#926,#934));
#908 = ORIENTED_EDGE('',*,*,#909,.F.);
#909 = EDGE_CURVE('',#910,#912,#914,.T.);
#910 = VERTEX_POINT('',#911);
#911 = CARTESIAN_POINT('',(62.992,0.,-62.8015));
#912 = VERTEX_POINT('',#913);
#913 = CARTESIAN_POINT('',(35.052,0.,-62.8015));
#914 = LINE('',#915,#916);
#915 = CARTESIAN_POINT('',(35.052,0.,-62.8015));
#916 = VECTOR('',#917,1.);
#917 = DIRECTION('',(-1.,-0.,-0.));
#918 = ORIENTED_EDGE('',*,*,#919,.F.);
#919 = EDGE_CURVE('',#920,#910,#922,.T.);
#920 = VERTEX_POINT('',#921);
#921 = CARTESIAN_POINT('',(62.992,0.,-49.3395));
#922 = LINE('',#923,#924);
#923 = CARTESIAN_POINT('',(62.992,0.,-49.3395));
#924 = VECTOR('',#925,1.);
#925 = DIRECTION('',(0.,0.,-1.));
#926 = ORIENTED_EDGE('',*,*,#927,.F.);
#927 = EDGE_CURVE('',#928,#920,#930,.T.);
#928 = VERTEX_POINT('',#929);
#929 = CARTESIAN_POINT('',(35.052,0.,-49.3395));
#930 = LINE('',#931,#932);
#931 = CARTESIAN_POINT('',(35.052,0.,-49.3395));
#932 = VECTOR('',#933,1.);
#933 = DIRECTION('',(1.,0.,0.));
#934 = ORIENTED_EDGE('',*,*,#935,.F.);
#935 = EDGE_CURVE('',#912,#928,#936,.T.);
#936 = LINE('',#937,#938);
#937 = CARTESIAN_POINT('',(35.052,0.,-49.3395));
#938 = VECTOR('',#939,1.);
#939 = DIRECTION('',(0.,0.,1.));
#940 = FACE_BOUND('',#941,.F.);
#941 = EDGE_LOOP('',(#942,#952,#960,#968));
#942 = ORIENTED_EDGE('',*,*,#943,.F.);
#943 = EDGE_CURVE('',#944,#946,#948,.T.);
#944 = VERTEX_POINT('',#945);
#945 = CARTESIAN_POINT('',(35.052,0.,-34.2265));
#946 = VERTEX_POINT('',#947);
#947 = CARTESIAN_POINT('',(62.992,0.,-34.2265));
#948 = LINE('',#949,#950);
#949 = CARTESIAN_POINT('',(62.992,0.,-34.2265));
#950 = VECTOR('',#951,1.);
#951 = DIRECTION('',(1.,0.,0.));
#952 = ORIENTED_EDGE('',*,*,#953,.F.);
#953 = EDGE_CURVE('',#954,#944,#956,.T.);
#954 = VERTEX_POINT('',#955);
#955 = CARTESIAN_POINT('',(35.052,0.,-47.6885));
#956 = LINE('',#957,#958);
#957 = CARTESIAN_POINT('',(35.052,0.,-34.2265));
#958 = VECTOR('',#959,1.);
#959 = DIRECTION('',(0.,0.,1.));
#960 = ORIENTED_EDGE('',*,*,#961,.F.);
#961 = EDGE_CURVE('',#962,#954,#964,.T.);
#962 = VERTEX_POINT('',#963);
#963 = CARTESIAN_POINT('',(62.992,0.,-47.6885));
#964 = LINE('',#965,#966);
#965 = CARTESIAN_POINT('',(62.992,0.,-47.6885));
#966 = VECTOR('',#967,1.);
#967 = DIRECTION('',(-1.,0.,2.5E-16));
#968 = ORIENTED_EDGE('',*,*,#969,.F.);
#969 = EDGE_CURVE('',#946,#962,#970,.T.);
#970 = LINE('',#971,#972);
#971 = CARTESIAN_POINT('',(62.992,0.,-34.2265));
#972 = VECTOR('',#973,1.);
#973 = DIRECTION('',(0.,0.,-1.));
#974 = FACE_BOUND('',#975,.F.);
#975 = EDGE_LOOP('',(#976,#986,#994,#1002));
#976 = ORIENTED_EDGE('',*,*,#977,.F.);
#977 = EDGE_CURVE('',#978,#980,#982,.T.);
#978 = VERTEX_POINT('',#979);
#979 = CARTESIAN_POINT('',(62.992,0.,-32.5755));
#980 = VERTEX_POINT('',#981);
#981 = CARTESIAN_POINT('',(35.052,0.,-32.5755));
#982 = LINE('',#983,#984);
#983 = CARTESIAN_POINT('',(35.052,0.,-32.5755));
#984 = VECTOR('',#985,1.);
#985 = DIRECTION('',(-1.,-0.,-0.));
#986 = ORIENTED_EDGE('',*,*,#987,.F.);
#987 = EDGE_CURVE('',#988,#978,#990,.T.);
#988 = VERTEX_POINT('',#989);
#989 = CARTESIAN_POINT('',(62.992,0.,-19.1135));
#990 = LINE('',#991,#992);
#991 = CARTESIAN_POINT('',(62.992,0.,-19.1135));
#992 = VECTOR('',#993,1.);
#993 = DIRECTION('',(0.,0.,-1.));
#994 = ORIENTED_EDGE('',*,*,#995,.F.);
#995 = EDGE_CURVE('',#996,#988,#998,.T.);
#996 = VERTEX_POINT('',#997);
#997 = CARTESIAN_POINT('',(35.052,0.,-19.1135));
#998 = LINE('',#999,#1000);
#999 = CARTESIAN_POINT('',(35.052,0.,-19.1135));
#1000 = VECTOR('',#1001,1.);
#1001 = DIRECTION('',(1.,0.,0.));
#1002 = ORIENTED_EDGE('',*,*,#1003,.F.);
#1003 = EDGE_CURVE('',#980,#996,#1004,.T.);
#1004 = LINE('',#1005,#1006);
#1005 = CARTESIAN_POINT('',(35.052,0.,-19.1135));
#1006 = VECTOR('',#1007,1.);
#1007 = DIRECTION('',(0.,0.,1.));
#1008 = FACE_BOUND('',#1009,.F.);
#1009 = EDGE_LOOP('',(#1010,#1020,#1028,#1036));
#1010 = ORIENTED_EDGE('',*,*,#1011,.F.);
#1011 = EDGE_CURVE('',#1012,#1014,#1016,.T.);
#1012 = VERTEX_POINT('',#1013);
#1013 = CARTESIAN_POINT('',(35.052,0.,-4.0005));
#1014 = VERTEX_POINT('',#1015);
#1015 = CARTESIAN_POINT('',(62.992,0.,-4.0005));
#1016 = LINE('',#1017,#1018);
#1017 = CARTESIAN_POINT('',(62.992,0.,-4.0005));
#1018 = VECTOR('',#1019,1.);
#1019 = DIRECTION('',(1.,0.,-6.E-17));
#1020 = ORIENTED_EDGE('',*,*,#1021,.F.);
#1021 = EDGE_CURVE('',#1022,#1012,#1024,.T.);
#1022 = VERTEX_POINT('',#1023);
#1023 = CARTESIAN_POINT('',(35.052,0.,-17.4625));
#1024 = LINE('',#1025,#1026);
#1025 = CARTESIAN_POINT('',(35.052,0.,-4.0005));
#1026 = VECTOR('',#1027,1.);
#1027 = DIRECTION('',(0.,0.,1.));
#1028 = ORIENTED_EDGE('',*,*,#1029,.F.);
#1029 = EDGE_CURVE('',#1030,#1022,#1032,.T.);
#1030 = VERTEX_POINT('',#1031);
#1031 = CARTESIAN_POINT('',(62.992,0.,-17.4625));
#1032 = LINE('',#1033,#1034);
#1033 = CARTESIAN_POINT('',(62.992,0.,-17.4625));
#1034 = VECTOR('',#1035,1.);
#1035 = DIRECTION('',(-1.,0.,1.2E-16));
#1036 = ORIENTED_EDGE('',*,*,#1037,.F.);
#1037 = EDGE_CURVE('',#1014,#1030,#1038,.T.);
#1038 = LINE('',#1039,#1040);
#1039 = CARTESIAN_POINT('',(62.992,0.,-4.0005));
#1040 = VECTOR('',#1041,1.);
#1041 = DIRECTION('',(0.,0.,-1.));
#1042 = PLANE('',#1043);
#1043 = AXIS2_PLACEMENT_3D('',#1044,#1045,#1046);
#1044 = CARTESIAN_POINT('',(64.262,0.,-2.286));
#1045 = DIRECTION('',(0.,1.,0.));
#1046 = DIRECTION('',(0.,0.,1.));
#1047 = ADVANCED_FACE('',(#1048,#1058),#1128,.T.);
#1048 = FACE_BOUND('',#1049,.T.);
#1049 = EDGE_LOOP('',(#1050,#1051,#1052,#1053,#1054,#1055,#1056,#1057));
#1050 = ORIENTED_EDGE('',*,*,#396,.T.);
#1051 = ORIENTED_EDGE('',*,*,#372,.T.);
#1052 = ORIENTED_EDGE('',*,*,#543,.T.);
#1053 = ORIENTED_EDGE('',*,*,#519,.T.);
#1054 = ORIENTED_EDGE('',*,*,#494,.T.);
#1055 = ORIENTED_EDGE('',*,*,#470,.T.);
#1056 = ORIENTED_EDGE('',*,*,#445,.T.);
#1057 = ORIENTED_EDGE('',*,*,#421,.T.);
#1058 = FACE_BOUND('',#1059,.T.);
#1059 = EDGE_LOOP('',(#1060,#1070,#1079,#1087,#1096,#1104,#1113,#1121));
#1060 = ORIENTED_EDGE('',*,*,#1061,.F.);
#1061 = EDGE_CURVE('',#1062,#1064,#1066,.T.);
#1062 = VERTEX_POINT('',#1063);
#1063 = CARTESIAN_POINT('',(3.81,5.08,-3.048));
#1064 = VERTEX_POINT('',#1065);
#1065 = CARTESIAN_POINT('',(62.738,5.08,-3.048));
#1066 = LINE('',#1067,#1068);
#1067 = CARTESIAN_POINT('',(3.81,5.08,-3.048));
#1068 = VECTOR('',#1069,1.);
#1069 = DIRECTION('',(1.,0.,1.E-17));
#1070 = ORIENTED_EDGE('',*,*,#1071,.F.);
#1071 = EDGE_CURVE('',#1072,#1062,#1074,.T.);
#1072 = VERTEX_POINT('',#1073);
#1073 = CARTESIAN_POINT('',(3.048,5.08,-3.81));
#1074 = CIRCLE('',#1075,0.762);
#1075 = AXIS2_PLACEMENT_3D('',#1076,#1077,#1078);
#1076 = CARTESIAN_POINT('',(3.81,5.08,-3.81));
#1077 = DIRECTION('',(-0.,1.,0.));
#1078 = DIRECTION('',(1.,0.,0.));
#1079 = ORIENTED_EDGE('',*,*,#1080,.F.);
#1080 = EDGE_CURVE('',#1081,#1072,#1083,.T.);
#1081 = VERTEX_POINT('',#1082);
#1082 = CARTESIAN_POINT('',(3.048,5.08,-108.3945));
#1083 = LINE('',#1084,#1085);
#1084 = CARTESIAN_POINT('',(3.048,5.08,-108.3945));
#1085 = VECTOR('',#1086,1.);
#1086 = DIRECTION('',(1.2E-16,0.,1.));
#1087 = ORIENTED_EDGE('',*,*,#1088,.F.);
#1088 = EDGE_CURVE('',#1089,#1081,#1091,.T.);
#1089 = VERTEX_POINT('',#1090);
#1090 = CARTESIAN_POINT('',(3.81,5.08,-109.1565));
#1091 = CIRCLE('',#1092,0.762);
#1092 = AXIS2_PLACEMENT_3D('',#1093,#1094,#1095);
#1093 = CARTESIAN_POINT('',(3.81,5.08,-108.3945));
#1094 = DIRECTION('',(-0.,1.,0.));
#1095 = DIRECTION('',(1.,0.,0.));
#1096 = ORIENTED_EDGE('',*,*,#1097,.F.);
#1097 = EDGE_CURVE('',#1098,#1089,#1100,.T.);
#1098 = VERTEX_POINT('',#1099);
#1099 = CARTESIAN_POINT('',(62.738,5.08,-109.1565));
#1100 = LINE('',#1101,#1102);
#1101 = CARTESIAN_POINT('',(3.81,5.08,-109.1565));
#1102 = VECTOR('',#1103,1.);
#1103 = DIRECTION('',(-1.,0.,0.));
#1104 = ORIENTED_EDGE('',*,*,#1105,.F.);
#1105 = EDGE_CURVE('',#1106,#1098,#1108,.T.);
#1106 = VERTEX_POINT('',#1107);
#1107 = CARTESIAN_POINT('',(63.5,5.08,-108.3945));
#1108 = CIRCLE('',#1109,0.762);
#1109 = AXIS2_PLACEMENT_3D('',#1110,#1111,#1112);
#1110 = CARTESIAN_POINT('',(62.738,5.08,-108.3945));
#1111 = DIRECTION('',(-0.,1.,0.));
#1112 = DIRECTION('',(1.,0.,0.));
#1113 = ORIENTED_EDGE('',*,*,#1114,.F.);
#1114 = EDGE_CURVE('',#1115,#1106,#1117,.T.);
#1115 = VERTEX_POINT('',#1116);
#1116 = CARTESIAN_POINT('',(63.5,5.08,-3.81));
#1117 = LINE('',#1118,#1119);
#1118 = CARTESIAN_POINT('',(63.5,5.08,-108.3945));
#1119 = VECTOR('',#1120,1.);
#1120 = DIRECTION('',(-1.3E-16,0.,-1.));
#1121 = ORIENTED_EDGE('',*,*,#1122,.F.);
#1122 = EDGE_CURVE('',#1064,#1115,#1123,.T.);
#1123 = CIRCLE('',#1124,0.762);
#1124 = AXIS2_PLACEMENT_3D('',#1125,#1126,#1127);
#1125 = CARTESIAN_POINT('',(62.738,5.08,-3.81));
#1126 = DIRECTION('',(-0.,1.,0.));
#1127 = DIRECTION('',(1.,0.,0.));
#1128 = PLANE('',#1129);
#1129 = AXIS2_PLACEMENT_3D('',#1130,#1131,#1132);
#1130 = CARTESIAN_POINT('',(3.81,5.08,-3.81));
#1131 = DIRECTION('',(0.,1.,0.));
#1132 = DIRECTION('',(0.,0.,1.));
#1133 = ADVANCED_FACE('',(#1134),#1159,.F.);
#1134 = FACE_BOUND('',#1135,.F.);
#1135 = EDGE_LOOP('',(#1136,#1137,#1145,#1153));
#1136 = ORIENTED_EDGE('',*,*,#569,.F.);
#1137 = ORIENTED_EDGE('',*,*,#1138,.T.);
#1138 = EDGE_CURVE('',#570,#1139,#1141,.T.);
#1139 = VERTEX_POINT('',#1140);
#1140 = CARTESIAN_POINT('',(31.496,2.54,-94.6785));
#1141 = LINE('',#1142,#1143);
#1142 = CARTESIAN_POINT('',(31.496,-2.102E-14,-94.6785));
#1143 = VECTOR('',#1144,1.);
#1144 = DIRECTION('',(0.,1.,-2.2E-16));
#1145 = ORIENTED_EDGE('',*,*,#1146,.F.);
#1146 = EDGE_CURVE('',#1147,#1139,#1149,.T.);
#1147 = VERTEX_POINT('',#1148);
#1148 = CARTESIAN_POINT('',(3.556,2.54,-94.6785));
#1149 = LINE('',#1150,#1151);
#1150 = CARTESIAN_POINT('',(47.879,2.54,-94.6785));
#1151 = VECTOR('',#1152,1.);
#1152 = DIRECTION('',(1.,0.,0.));
#1153 = ORIENTED_EDGE('',*,*,#1154,.F.);
#1154 = EDGE_CURVE('',#572,#1147,#1155,.T.);
#1155 = LINE('',#1156,#1157);
#1156 = CARTESIAN_POINT('',(3.556,-2.102E-14,-94.6785));
#1157 = VECTOR('',#1158,1.);
#1158 = DIRECTION('',(0.,1.,-2.2E-16));
#1159 = PLANE('',#1160);
#1160 = AXIS2_PLACEMENT_3D('',#1161,#1162,#1163);
#1161 = CARTESIAN_POINT('',(31.496,-2.102E-14,-94.6785));
#1162 = DIRECTION('',(0.,2.2E-16,1.));
#1163 = DIRECTION('',(-1.,0.,0.));
#1164 = ADVANCED_FACE('',(#1165),#1183,.F.);
#1165 = FACE_BOUND('',#1166,.F.);
#1166 = EDGE_LOOP('',(#1167,#1168,#1176,#1182));
#1167 = ORIENTED_EDGE('',*,*,#595,.F.);
#1168 = ORIENTED_EDGE('',*,*,#1169,.T.);
#1169 = EDGE_CURVE('',#588,#1170,#1172,.T.);
#1170 = VERTEX_POINT('',#1171);
#1171 = CARTESIAN_POINT('',(31.496,2.54,-108.1405));
#1172 = LINE('',#1173,#1174);
#1173 = CARTESIAN_POINT('',(31.496,-2.401E-14,-108.1405));
#1174 = VECTOR('',#1175,1.);
#1175 = DIRECTION('',(0.,1.,-2.2E-16));
#1176 = ORIENTED_EDGE('',*,*,#1177,.F.);
#1177 = EDGE_CURVE('',#1139,#1170,#1178,.T.);
#1178 = LINE('',#1179,#1180);
#1179 = CARTESIAN_POINT('',(31.496,2.54,-55.21325));
#1180 = VECTOR('',#1181,1.);
#1181 = DIRECTION('',(0.,0.,-1.));
#1182 = ORIENTED_EDGE('',*,*,#1138,.F.);
#1183 = PLANE('',#1184);
#1184 = AXIS2_PLACEMENT_3D('',#1185,#1186,#1187);
#1185 = CARTESIAN_POINT('',(31.496,-2.401E-14,-108.1405));
#1186 = DIRECTION('',(1.,0.,0.));
#1187 = DIRECTION('',(-0.,2.2E-16,1.));
#1188 = ADVANCED_FACE('',(#1189),#1207,.F.);
#1189 = FACE_BOUND('',#1190,.F.);
#1190 = EDGE_LOOP('',(#1191,#1192,#1200,#1206));
#1191 = ORIENTED_EDGE('',*,*,#587,.F.);
#1192 = ORIENTED_EDGE('',*,*,#1193,.T.);
#1193 = EDGE_CURVE('',#580,#1194,#1196,.T.);
#1194 = VERTEX_POINT('',#1195);
#1195 = CARTESIAN_POINT('',(3.556,2.54,-108.1405));
#1196 = LINE('',#1197,#1198);
#1197 = CARTESIAN_POINT('',(3.556,-2.401E-14,-108.1405));
#1198 = VECTOR('',#1199,1.);
#1199 = DIRECTION('',(0.,1.,-2.2E-16));
#1200 = ORIENTED_EDGE('',*,*,#1201,.F.);
#1201 = EDGE_CURVE('',#1170,#1194,#1202,.T.);
#1202 = LINE('',#1203,#1204);
#1203 = CARTESIAN_POINT('',(33.909,2.54,-108.1405));
#1204 = VECTOR('',#1205,1.);
#1205 = DIRECTION('',(-1.,0.,0.));
#1206 = ORIENTED_EDGE('',*,*,#1169,.F.);
#1207 = PLANE('',#1208);
#1208 = AXIS2_PLACEMENT_3D('',#1209,#1210,#1211);
#1209 = CARTESIAN_POINT('',(3.556,-2.401E-14,-108.1405));
#1210 = DIRECTION('',(0.,-2.2E-16,-1.));
#1211 = DIRECTION('',(1.,0.,0.));
#1212 = ADVANCED_FACE('',(#1213),#1224,.F.);
#1213 = FACE_BOUND('',#1214,.F.);
#1214 = EDGE_LOOP('',(#1215,#1216,#1217,#1223));
#1215 = ORIENTED_EDGE('',*,*,#579,.F.);
#1216 = ORIENTED_EDGE('',*,*,#1154,.T.);
#1217 = ORIENTED_EDGE('',*,*,#1218,.F.);
#1218 = EDGE_CURVE('',#1194,#1147,#1219,.T.);
#1219 = LINE('',#1220,#1221);
#1220 = CARTESIAN_POINT('',(3.556,2.54,-48.48225));
#1221 = VECTOR('',#1222,1.);
#1222 = DIRECTION('',(0.,0.,1.));
#1223 = ORIENTED_EDGE('',*,*,#1193,.F.);
#1224 = PLANE('',#1225);
#1225 = AXIS2_PLACEMENT_3D('',#1226,#1227,#1228);
#1226 = CARTESIAN_POINT('',(3.556,-2.102E-14,-94.6785));
#1227 = DIRECTION('',(-1.,0.,0.));
#1228 = DIRECTION('',(-0.,-2.2E-16,-1.));
#1229 = ADVANCED_FACE('',(#1230),#1255,.F.);
#1230 = FACE_BOUND('',#1231,.F.);
#1231 = EDGE_LOOP('',(#1232,#1233,#1241,#1249));
#1232 = ORIENTED_EDGE('',*,*,#603,.F.);
#1233 = ORIENTED_EDGE('',*,*,#1234,.T.);
#1234 = EDGE_CURVE('',#604,#1235,#1237,.T.);
#1235 = VERTEX_POINT('',#1236);
#1236 = CARTESIAN_POINT('',(31.496,2.54,-79.5655));
#1237 = LINE('',#1238,#1239);
#1238 = CARTESIAN_POINT('',(31.496,-1.767E-14,-79.5655));
#1239 = VECTOR('',#1240,1.);
#1240 = DIRECTION('',(0.,1.,-2.2E-16));
#1241 = ORIENTED_EDGE('',*,*,#1242,.F.);
#1242 = EDGE_CURVE('',#1243,#1235,#1245,.T.);
#1243 = VERTEX_POINT('',#1244);
#1244 = CARTESIAN_POINT('',(3.556,2.54,-79.5655));
#1245 = LINE('',#1246,#1247);
#1246 = CARTESIAN_POINT('',(47.879,2.54,-79.5655));
#1247 = VECTOR('',#1248,1.);
#1248 = DIRECTION('',(1.,0.,0.));
#1249 = ORIENTED_EDGE('',*,*,#1250,.F.);
#1250 = EDGE_CURVE('',#606,#1243,#1251,.T.);
#1251 = LINE('',#1252,#1253);
#1252 = CARTESIAN_POINT('',(3.556,-1.767E-14,-79.5655));
#1253 = VECTOR('',#1254,1.);
#1254 = DIRECTION('',(0.,1.,-2.2E-16));
#1255 = PLANE('',#1256);
#1256 = AXIS2_PLACEMENT_3D('',#1257,#1258,#1259);
#1257 = CARTESIAN_POINT('',(31.496,-1.767E-14,-79.5655));
#1258 = DIRECTION('',(0.,2.2E-16,1.));
#1259 = DIRECTION('',(-1.,0.,0.));
#1260 = ADVANCED_FACE('',(#1261),#1279,.F.);
#1261 = FACE_BOUND('',#1262,.F.);
#1262 = EDGE_LOOP('',(#1263,#1264,#1272,#1278));
#1263 = ORIENTED_EDGE('',*,*,#629,.F.);
#1264 = ORIENTED_EDGE('',*,*,#1265,.T.);
#1265 = EDGE_CURVE('',#622,#1266,#1268,.T.);
#1266 = VERTEX_POINT('',#1267);
#1267 = CARTESIAN_POINT('',(31.496,2.54,-93.0275));
#1268 = LINE('',#1269,#1270);
#1269 = CARTESIAN_POINT('',(31.496,-2.066E-14,-93.0275));
#1270 = VECTOR('',#1271,1.);
#1271 = DIRECTION('',(0.,1.,-2.2E-16));
#1272 = ORIENTED_EDGE('',*,*,#1273,.F.);
#1273 = EDGE_CURVE('',#1235,#1266,#1274,.T.);
#1274 = LINE('',#1275,#1276);
#1275 = CARTESIAN_POINT('',(31.496,2.54,-47.65675));
#1276 = VECTOR('',#1277,1.);
#1277 = DIRECTION('',(0.,0.,-1.));
#1278 = ORIENTED_EDGE('',*,*,#1234,.F.);
#1279 = PLANE('',#1280);
#1280 = AXIS2_PLACEMENT_3D('',#1281,#1282,#1283);
#1281 = CARTESIAN_POINT('',(31.496,-2.066E-14,-93.0275));
#1282 = DIRECTION('',(1.,0.,0.));
#1283 = DIRECTION('',(-0.,2.2E-16,1.));
#1284 = ADVANCED_FACE('',(#1285),#1303,.F.);
#1285 = FACE_BOUND('',#1286,.F.);
#1286 = EDGE_LOOP('',(#1287,#1288,#1296,#1302));
#1287 = ORIENTED_EDGE('',*,*,#621,.F.);
#1288 = ORIENTED_EDGE('',*,*,#1289,.T.);
#1289 = EDGE_CURVE('',#614,#1290,#1292,.T.);
#1290 = VERTEX_POINT('',#1291);
#1291 = CARTESIAN_POINT('',(3.556,2.54,-93.0275));
#1292 = LINE('',#1293,#1294);
#1293 = CARTESIAN_POINT('',(3.556,-2.066E-14,-93.0275));
#1294 = VECTOR('',#1295,1.);
#1295 = DIRECTION('',(0.,1.,-2.2E-16));
#1296 = ORIENTED_EDGE('',*,*,#1297,.F.);
#1297 = EDGE_CURVE('',#1266,#1290,#1298,.T.);
#1298 = LINE('',#1299,#1300);
#1299 = CARTESIAN_POINT('',(33.909,2.54,-93.0275));
#1300 = VECTOR('',#1301,1.);
#1301 = DIRECTION('',(-1.,0.,0.));
#1302 = ORIENTED_EDGE('',*,*,#1265,.F.);
#1303 = PLANE('',#1304);
#1304 = AXIS2_PLACEMENT_3D('',#1305,#1306,#1307);
#1305 = CARTESIAN_POINT('',(3.556,-2.066E-14,-93.0275));
#1306 = DIRECTION('',(0.,-2.2E-16,-1.));
#1307 = DIRECTION('',(1.,0.,0.));
#1308 = ADVANCED_FACE('',(#1309),#1320,.F.);
#1309 = FACE_BOUND('',#1310,.F.);
#1310 = EDGE_LOOP('',(#1311,#1312,#1313,#1319));
#1311 = ORIENTED_EDGE('',*,*,#613,.F.);
#1312 = ORIENTED_EDGE('',*,*,#1250,.T.);
#1313 = ORIENTED_EDGE('',*,*,#1314,.F.);
#1314 = EDGE_CURVE('',#1290,#1243,#1315,.T.);
#1315 = LINE('',#1316,#1317);
#1316 = CARTESIAN_POINT('',(3.556,2.54,-40.92575));
#1317 = VECTOR('',#1318,1.);
#1318 = DIRECTION('',(0.,0.,1.));
#1319 = ORIENTED_EDGE('',*,*,#1289,.F.);
#1320 = PLANE('',#1321);
#1321 = AXIS2_PLACEMENT_3D('',#1322,#1323,#1324);
#1322 = CARTESIAN_POINT('',(3.556,-1.767E-14,-79.5655));
#1323 = DIRECTION('',(-1.,0.,0.));
#1324 = DIRECTION('',(-0.,-2.2E-16,-1.));
#1325 = ADVANCED_FACE('',(#1326),#1351,.F.);
#1326 = FACE_BOUND('',#1327,.T.);
#1327 = EDGE_LOOP('',(#1328,#1338,#1344,#1345));
#1328 = ORIENTED_EDGE('',*,*,#1329,.T.);
#1329 = EDGE_CURVE('',#1330,#1332,#1334,.T.);
#1330 = VERTEX_POINT('',#1331);
#1331 = CARTESIAN_POINT('',(3.556,2.54,-64.4525));
#1332 = VERTEX_POINT('',#1333);
#1333 = CARTESIAN_POINT('',(31.496,2.54,-64.4525));
#1334 = LINE('',#1335,#1336);
#1335 = CARTESIAN_POINT('',(31.496,2.54,-64.4525));
#1336 = VECTOR('',#1337,1.);
#1337 = DIRECTION('',(1.,0.,0.));
#1338 = ORIENTED_EDGE('',*,*,#1339,.F.);
#1339 = EDGE_CURVE('',#640,#1332,#1340,.T.);
#1340 = LINE('',#1341,#1342);
#1341 = CARTESIAN_POINT('',(31.496,0.,-64.4525));
#1342 = VECTOR('',#1343,1.);
#1343 = DIRECTION('',(0.,1.,0.));
#1344 = ORIENTED_EDGE('',*,*,#637,.F.);
#1345 = ORIENTED_EDGE('',*,*,#1346,.T.);
#1346 = EDGE_CURVE('',#638,#1330,#1347,.T.);
#1347 = LINE('',#1348,#1349);
#1348 = CARTESIAN_POINT('',(3.556,0.,-64.4525));
#1349 = VECTOR('',#1350,1.);
#1350 = DIRECTION('',(0.,1.,0.));
#1351 = PLANE('',#1352);
#1352 = AXIS2_PLACEMENT_3D('',#1353,#1354,#1355);
#1353 = CARTESIAN_POINT('',(31.496,0.,-64.4525));
#1354 = DIRECTION('',(0.,0.,1.));
#1355 = DIRECTION('',(1.,0.,0.));
#1356 = ADVANCED_FACE('',(#1357),#1375,.F.);
#1357 = FACE_BOUND('',#1358,.T.);
#1358 = EDGE_LOOP('',(#1359,#1367,#1368,#1369));
#1359 = ORIENTED_EDGE('',*,*,#1360,.T.);
#1360 = EDGE_CURVE('',#1361,#1330,#1363,.T.);
#1361 = VERTEX_POINT('',#1362);
#1362 = CARTESIAN_POINT('',(3.556,2.54,-77.9145));
#1363 = LINE('',#1364,#1365);
#1364 = CARTESIAN_POINT('',(3.556,2.54,-64.4525));
#1365 = VECTOR('',#1366,1.);
#1366 = DIRECTION('',(0.,0.,1.));
#1367 = ORIENTED_EDGE('',*,*,#1346,.F.);
#1368 = ORIENTED_EDGE('',*,*,#647,.F.);
#1369 = ORIENTED_EDGE('',*,*,#1370,.T.);
#1370 = EDGE_CURVE('',#648,#1361,#1371,.T.);
#1371 = LINE('',#1372,#1373);
#1372 = CARTESIAN_POINT('',(3.556,0.,-77.9145));
#1373 = VECTOR('',#1374,1.);
#1374 = DIRECTION('',(0.,1.,0.));
#1375 = PLANE('',#1376);
#1376 = AXIS2_PLACEMENT_3D('',#1377,#1378,#1379);
#1377 = CARTESIAN_POINT('',(3.556,0.,-64.4525));
#1378 = DIRECTION('',(-1.,0.,0.));
#1379 = DIRECTION('',(0.,0.,1.));
#1380 = ADVANCED_FACE('',(#1381),#1399,.F.);
#1381 = FACE_BOUND('',#1382,.T.);
#1382 = EDGE_LOOP('',(#1383,#1391,#1397,#1398));
#1383 = ORIENTED_EDGE('',*,*,#1384,.T.);
#1384 = EDGE_CURVE('',#1332,#1385,#1387,.T.);
#1385 = VERTEX_POINT('',#1386);
#1386 = CARTESIAN_POINT('',(31.496,2.54,-77.9145));
#1387 = LINE('',#1388,#1389);
#1388 = CARTESIAN_POINT('',(31.496,2.54,-64.4525));
#1389 = VECTOR('',#1390,1.);
#1390 = DIRECTION('',(0.,0.,-1.));
#1391 = ORIENTED_EDGE('',*,*,#1392,.F.);
#1392 = EDGE_CURVE('',#656,#1385,#1393,.T.);
#1393 = LINE('',#1394,#1395);
#1394 = CARTESIAN_POINT('',(31.496,0.,-77.9145));
#1395 = VECTOR('',#1396,1.);
#1396 = DIRECTION('',(0.,1.,0.));
#1397 = ORIENTED_EDGE('',*,*,#663,.F.);
#1398 = ORIENTED_EDGE('',*,*,#1339,.T.);
#1399 = PLANE('',#1400);
#1400 = AXIS2_PLACEMENT_3D('',#1401,#1402,#1403);
#1401 = CARTESIAN_POINT('',(31.496,0.,-64.4525));
#1402 = DIRECTION('',(1.,0.,0.));
#1403 = DIRECTION('',(0.,0.,-1.));
#1404 = ADVANCED_FACE('',(#1405),#1416,.F.);
#1405 = FACE_BOUND('',#1406,.T.);
#1406 = EDGE_LOOP('',(#1407,#1413,#1414,#1415));
#1407 = ORIENTED_EDGE('',*,*,#1408,.T.);
#1408 = EDGE_CURVE('',#1385,#1361,#1409,.T.);
#1409 = LINE('',#1410,#1411);
#1410 = CARTESIAN_POINT('',(31.496,2.54,-77.9145));
#1411 = VECTOR('',#1412,1.);
#1412 = DIRECTION('',(-1.,0.,0.));
#1413 = ORIENTED_EDGE('',*,*,#1370,.F.);
#1414 = ORIENTED_EDGE('',*,*,#655,.F.);
#1415 = ORIENTED_EDGE('',*,*,#1392,.T.);
#1416 = PLANE('',#1417);
#1417 = AXIS2_PLACEMENT_3D('',#1418,#1419,#1420);
#1418 = CARTESIAN_POINT('',(31.496,0.,-77.9145));
#1419 = DIRECTION('',(0.,0.,-1.));
#1420 = DIRECTION('',(-1.,0.,0.));
#1421 = ADVANCED_FACE('',(#1422),#1447,.F.);
#1422 = FACE_BOUND('',#1423,.T.);
#1423 = EDGE_LOOP('',(#1424,#1434,#1440,#1441));
#1424 = ORIENTED_EDGE('',*,*,#1425,.T.);
#1425 = EDGE_CURVE('',#1426,#1428,#1430,.T.);
#1426 = VERTEX_POINT('',#1427);
#1427 = CARTESIAN_POINT('',(31.496,2.54,-62.8015));
#1428 = VERTEX_POINT('',#1429);
#1429 = CARTESIAN_POINT('',(3.556,2.54,-62.8015));
#1430 = LINE('',#1431,#1432);
#1431 = CARTESIAN_POINT('',(3.556,2.54,-62.8015));
#1432 = VECTOR('',#1433,1.);
#1433 = DIRECTION('',(-1.,-0.,-0.));
#1434 = ORIENTED_EDGE('',*,*,#1435,.F.);
#1435 = EDGE_CURVE('',#674,#1428,#1436,.T.);
#1436 = LINE('',#1437,#1438);
#1437 = CARTESIAN_POINT('',(3.556,0.,-62.8015));
#1438 = VECTOR('',#1439,1.);
#1439 = DIRECTION('',(0.,1.,0.));
#1440 = ORIENTED_EDGE('',*,*,#671,.F.);
#1441 = ORIENTED_EDGE('',*,*,#1442,.T.);
#1442 = EDGE_CURVE('',#672,#1426,#1443,.T.);
#1443 = LINE('',#1444,#1445);
#1444 = CARTESIAN_POINT('',(31.496,0.,-62.8015));
#1445 = VECTOR('',#1446,1.);
#1446 = DIRECTION('',(0.,1.,0.));
#1447 = PLANE('',#1448);
#1448 = AXIS2_PLACEMENT_3D('',#1449,#1450,#1451);
#1449 = CARTESIAN_POINT('',(3.556,0.,-62.8015));
#1450 = DIRECTION('',(0.,0.,-1.));
#1451 = DIRECTION('',(-1.,0.,0.));
#1452 = ADVANCED_FACE('',(#1453),#1471,.F.);
#1453 = FACE_BOUND('',#1454,.T.);
#1454 = EDGE_LOOP('',(#1455,#1463,#1464,#1465));
#1455 = ORIENTED_EDGE('',*,*,#1456,.T.);
#1456 = EDGE_CURVE('',#1457,#1426,#1459,.T.);
#1457 = VERTEX_POINT('',#1458);
#1458 = CARTESIAN_POINT('',(31.496,2.54,-49.3395));
#1459 = LINE('',#1460,#1461);
#1460 = CARTESIAN_POINT('',(31.496,2.54,-49.3395));
#1461 = VECTOR('',#1462,1.);
#1462 = DIRECTION('',(0.,0.,-1.));
#1463 = ORIENTED_EDGE('',*,*,#1442,.F.);
#1464 = ORIENTED_EDGE('',*,*,#681,.F.);
#1465 = ORIENTED_EDGE('',*,*,#1466,.T.);
#1466 = EDGE_CURVE('',#682,#1457,#1467,.T.);
#1467 = LINE('',#1468,#1469);
#1468 = CARTESIAN_POINT('',(31.496,0.,-49.3395));
#1469 = VECTOR('',#1470,1.);
#1470 = DIRECTION('',(0.,1.,0.));
#1471 = PLANE('',#1472);
#1472 = AXIS2_PLACEMENT_3D('',#1473,#1474,#1475);
#1473 = CARTESIAN_POINT('',(31.496,0.,-49.3395));
#1474 = DIRECTION('',(1.,0.,0.));
#1475 = DIRECTION('',(0.,0.,-1.));
#1476 = ADVANCED_FACE('',(#1477),#1495,.F.);
#1477 = FACE_BOUND('',#1478,.T.);
#1478 = EDGE_LOOP('',(#1479,#1487,#1493,#1494));
#1479 = ORIENTED_EDGE('',*,*,#1480,.T.);
#1480 = EDGE_CURVE('',#1428,#1481,#1483,.T.);
#1481 = VERTEX_POINT('',#1482);
#1482 = CARTESIAN_POINT('',(3.556,2.54,-49.3395));
#1483 = LINE('',#1484,#1485);
#1484 = CARTESIAN_POINT('',(3.556,2.54,-49.3395));
#1485 = VECTOR('',#1486,1.);
#1486 = DIRECTION('',(0.,0.,1.));
#1487 = ORIENTED_EDGE('',*,*,#1488,.F.);
#1488 = EDGE_CURVE('',#690,#1481,#1489,.T.);
#1489 = LINE('',#1490,#1491);
#1490 = CARTESIAN_POINT('',(3.556,0.,-49.3395));
#1491 = VECTOR('',#1492,1.);
#1492 = DIRECTION('',(0.,1.,0.));
#1493 = ORIENTED_EDGE('',*,*,#697,.F.);
#1494 = ORIENTED_EDGE('',*,*,#1435,.T.);
#1495 = PLANE('',#1496);
#1496 = AXIS2_PLACEMENT_3D('',#1497,#1498,#1499);
#1497 = CARTESIAN_POINT('',(3.556,0.,-49.3395));
#1498 = DIRECTION('',(-1.,0.,0.));
#1499 = DIRECTION('',(0.,0.,1.));
#1500 = ADVANCED_FACE('',(#1501),#1512,.F.);
#1501 = FACE_BOUND('',#1502,.T.);
#1502 = EDGE_LOOP('',(#1503,#1509,#1510,#1511));
#1503 = ORIENTED_EDGE('',*,*,#1504,.T.);
#1504 = EDGE_CURVE('',#1481,#1457,#1505,.T.);
#1505 = LINE('',#1506,#1507);
#1506 = CARTESIAN_POINT('',(3.556,2.54,-49.3395));
#1507 = VECTOR('',#1508,1.);
#1508 = DIRECTION('',(1.,0.,0.));
#1509 = ORIENTED_EDGE('',*,*,#1466,.F.);
#1510 = ORIENTED_EDGE('',*,*,#689,.F.);
#1511 = ORIENTED_EDGE('',*,*,#1488,.T.);
#1512 = PLANE('',#1513);
#1513 = AXIS2_PLACEMENT_3D('',#1514,#1515,#1516);
#1514 = CARTESIAN_POINT('',(3.556,0.,-49.3395));
#1515 = DIRECTION('',(0.,0.,1.));
#1516 = DIRECTION('',(1.,0.,0.));
#1517 = ADVANCED_FACE('',(#1518),#1543,.F.);
#1518 = FACE_BOUND('',#1519,.T.);
#1519 = EDGE_LOOP('',(#1520,#1530,#1536,#1537));
#1520 = ORIENTED_EDGE('',*,*,#1521,.T.);
#1521 = EDGE_CURVE('',#1522,#1524,#1526,.T.);
#1522 = VERTEX_POINT('',#1523);
#1523 = CARTESIAN_POINT('',(3.556,2.54,-34.2265));
#1524 = VERTEX_POINT('',#1525);
#1525 = CARTESIAN_POINT('',(31.496,2.54,-34.2265));
#1526 = LINE('',#1527,#1528);
#1527 = CARTESIAN_POINT('',(31.496,2.54,-34.2265));
#1528 = VECTOR('',#1529,1.);
#1529 = DIRECTION('',(1.,0.,0.));
#1530 = ORIENTED_EDGE('',*,*,#1531,.F.);
#1531 = EDGE_CURVE('',#708,#1524,#1532,.T.);
#1532 = LINE('',#1533,#1534);
#1533 = CARTESIAN_POINT('',(31.496,0.,-34.2265));
#1534 = VECTOR('',#1535,1.);
#1535 = DIRECTION('',(0.,1.,0.));
#1536 = ORIENTED_EDGE('',*,*,#705,.F.);
#1537 = ORIENTED_EDGE('',*,*,#1538,.T.);
#1538 = EDGE_CURVE('',#706,#1522,#1539,.T.);
#1539 = LINE('',#1540,#1541);
#1540 = CARTESIAN_POINT('',(3.556,0.,-34.2265));
#1541 = VECTOR('',#1542,1.);
#1542 = DIRECTION('',(0.,1.,0.));
#1543 = PLANE('',#1544);
#1544 = AXIS2_PLACEMENT_3D('',#1545,#1546,#1547);
#1545 = CARTESIAN_POINT('',(31.496,0.,-34.2265));
#1546 = DIRECTION('',(0.,0.,1.));
#1547 = DIRECTION('',(1.,0.,0.));
#1548 = ADVANCED_FACE('',(#1549),#1567,.F.);
#1549 = FACE_BOUND('',#1550,.T.);
#1550 = EDGE_LOOP('',(#1551,#1559,#1560,#1561));
#1551 = ORIENTED_EDGE('',*,*,#1552,.T.);
#1552 = EDGE_CURVE('',#1553,#1522,#1555,.T.);
#1553 = VERTEX_POINT('',#1554);
#1554 = CARTESIAN_POINT('',(3.556,2.54,-47.6885));
#1555 = LINE('',#1556,#1557);
#1556 = CARTESIAN_POINT('',(3.556,2.54,-34.2265));
#1557 = VECTOR('',#1558,1.);
#1558 = DIRECTION('',(0.,0.,1.));
#1559 = ORIENTED_EDGE('',*,*,#1538,.F.);
#1560 = ORIENTED_EDGE('',*,*,#715,.F.);
#1561 = ORIENTED_EDGE('',*,*,#1562,.T.);
#1562 = EDGE_CURVE('',#716,#1553,#1563,.T.);
#1563 = LINE('',#1564,#1565);
#1564 = CARTESIAN_POINT('',(3.556,0.,-47.6885));
#1565 = VECTOR('',#1566,1.);
#1566 = DIRECTION('',(0.,1.,0.));
#1567 = PLANE('',#1568);
#1568 = AXIS2_PLACEMENT_3D('',#1569,#1570,#1571);
#1569 = CARTESIAN_POINT('',(3.556,0.,-34.2265));
#1570 = DIRECTION('',(-1.,0.,0.));
#1571 = DIRECTION('',(0.,0.,1.));
#1572 = ADVANCED_FACE('',(#1573),#1591,.F.);
#1573 = FACE_BOUND('',#1574,.T.);
#1574 = EDGE_LOOP('',(#1575,#1583,#1589,#1590));
#1575 = ORIENTED_EDGE('',*,*,#1576,.T.);
#1576 = EDGE_CURVE('',#1524,#1577,#1579,.T.);
#1577 = VERTEX_POINT('',#1578);
#1578 = CARTESIAN_POINT('',(31.496,2.54,-47.6885));
#1579 = LINE('',#1580,#1581);
#1580 = CARTESIAN_POINT('',(31.496,2.54,-34.2265));
#1581 = VECTOR('',#1582,1.);
#1582 = DIRECTION('',(0.,0.,-1.));
#1583 = ORIENTED_EDGE('',*,*,#1584,.F.);
#1584 = EDGE_CURVE('',#724,#1577,#1585,.T.);
#1585 = LINE('',#1586,#1587);
#1586 = CARTESIAN_POINT('',(31.496,0.,-47.6885));
#1587 = VECTOR('',#1588,1.);
#1588 = DIRECTION('',(0.,1.,0.));
#1589 = ORIENTED_EDGE('',*,*,#731,.F.);
#1590 = ORIENTED_EDGE('',*,*,#1531,.T.);
#1591 = PLANE('',#1592);
#1592 = AXIS2_PLACEMENT_3D('',#1593,#1594,#1595);
#1593 = CARTESIAN_POINT('',(31.496,0.,-34.2265));
#1594 = DIRECTION('',(1.,0.,0.));
#1595 = DIRECTION('',(0.,0.,-1.));
#1596 = ADVANCED_FACE('',(#1597),#1608,.F.);
#1597 = FACE_BOUND('',#1598,.T.);
#1598 = EDGE_LOOP('',(#1599,#1605,#1606,#1607));
#1599 = ORIENTED_EDGE('',*,*,#1600,.T.);
#1600 = EDGE_CURVE('',#1577,#1553,#1601,.T.);
#1601 = LINE('',#1602,#1603);
#1602 = CARTESIAN_POINT('',(31.496,2.54,-47.6885));
#1603 = VECTOR('',#1604,1.);
#1604 = DIRECTION('',(-1.,0.,0.));
#1605 = ORIENTED_EDGE('',*,*,#1562,.F.);
#1606 = ORIENTED_EDGE('',*,*,#723,.F.);
#1607 = ORIENTED_EDGE('',*,*,#1584,.T.);
#1608 = PLANE('',#1609);
#1609 = AXIS2_PLACEMENT_3D('',#1610,#1611,#1612);
#1610 = CARTESIAN_POINT('',(31.496,0.,-47.6885));
#1611 = DIRECTION('',(0.,0.,-1.));
#1612 = DIRECTION('',(-1.,0.,0.));
#1613 = ADVANCED_FACE('',(#1614),#1639,.F.);
#1614 = FACE_BOUND('',#1615,.T.);
#1615 = EDGE_LOOP('',(#1616,#1626,#1632,#1633));
#1616 = ORIENTED_EDGE('',*,*,#1617,.T.);
#1617 = EDGE_CURVE('',#1618,#1620,#1622,.T.);
#1618 = VERTEX_POINT('',#1619);
#1619 = CARTESIAN_POINT('',(31.496,2.54,-32.5755));
#1620 = VERTEX_POINT('',#1621);
#1621 = CARTESIAN_POINT('',(3.556,2.54,-32.5755));
#1622 = LINE('',#1623,#1624);
#1623 = CARTESIAN_POINT('',(3.556,2.54,-32.5755));
#1624 = VECTOR('',#1625,1.);
#1625 = DIRECTION('',(-1.,-0.,-0.));
#1626 = ORIENTED_EDGE('',*,*,#1627,.F.);
#1627 = EDGE_CURVE('',#742,#1620,#1628,.T.);
#1628 = LINE('',#1629,#1630);
#1629 = CARTESIAN_POINT('',(3.556,0.,-32.5755));
#1630 = VECTOR('',#1631,1.);
#1631 = DIRECTION('',(0.,1.,0.));
#1632 = ORIENTED_EDGE('',*,*,#739,.F.);
#1633 = ORIENTED_EDGE('',*,*,#1634,.T.);
#1634 = EDGE_CURVE('',#740,#1618,#1635,.T.);
#1635 = LINE('',#1636,#1637);
#1636 = CARTESIAN_POINT('',(31.496,0.,-32.5755));
#1637 = VECTOR('',#1638,1.);
#1638 = DIRECTION('',(0.,1.,0.));
#1639 = PLANE('',#1640);
#1640 = AXIS2_PLACEMENT_3D('',#1641,#1642,#1643);
#1641 = CARTESIAN_POINT('',(3.556,0.,-32.5755));
#1642 = DIRECTION('',(0.,0.,-1.));
#1643 = DIRECTION('',(-1.,0.,0.));
#1644 = ADVANCED_FACE('',(#1645),#1663,.F.);
#1645 = FACE_BOUND('',#1646,.T.);
#1646 = EDGE_LOOP('',(#1647,#1655,#1656,#1657));
#1647 = ORIENTED_EDGE('',*,*,#1648,.T.);
#1648 = EDGE_CURVE('',#1649,#1618,#1651,.T.);
#1649 = VERTEX_POINT('',#1650);
#1650 = CARTESIAN_POINT('',(31.496,2.54,-19.1135));
#1651 = LINE('',#1652,#1653);
#1652 = CARTESIAN_POINT('',(31.496,2.54,-19.1135));
#1653 = VECTOR('',#1654,1.);
#1654 = DIRECTION('',(0.,0.,-1.));
#1655 = ORIENTED_EDGE('',*,*,#1634,.F.);
#1656 = ORIENTED_EDGE('',*,*,#749,.F.);
#1657 = ORIENTED_EDGE('',*,*,#1658,.T.);
#1658 = EDGE_CURVE('',#750,#1649,#1659,.T.);
#1659 = LINE('',#1660,#1661);
#1660 = CARTESIAN_POINT('',(31.496,0.,-19.1135));
#1661 = VECTOR('',#1662,1.);
#1662 = DIRECTION('',(0.,1.,0.));
#1663 = PLANE('',#1664);
#1664 = AXIS2_PLACEMENT_3D('',#1665,#1666,#1667);
#1665 = CARTESIAN_POINT('',(31.496,0.,-19.1135));
#1666 = DIRECTION('',(1.,0.,0.));
#1667 = DIRECTION('',(0.,0.,-1.));
#1668 = ADVANCED_FACE('',(#1669),#1687,.F.);
#1669 = FACE_BOUND('',#1670,.T.);
#1670 = EDGE_LOOP('',(#1671,#1679,#1685,#1686));
#1671 = ORIENTED_EDGE('',*,*,#1672,.T.);
#1672 = EDGE_CURVE('',#1620,#1673,#1675,.T.);
#1673 = VERTEX_POINT('',#1674);
#1674 = CARTESIAN_POINT('',(3.556,2.54,-19.1135));
#1675 = LINE('',#1676,#1677);
#1676 = CARTESIAN_POINT('',(3.556,2.54,-19.1135));
#1677 = VECTOR('',#1678,1.);
#1678 = DIRECTION('',(0.,0.,1.));
#1679 = ORIENTED_EDGE('',*,*,#1680,.F.);
#1680 = EDGE_CURVE('',#758,#1673,#1681,.T.);
#1681 = LINE('',#1682,#1683);
#1682 = CARTESIAN_POINT('',(3.556,0.,-19.1135));
#1683 = VECTOR('',#1684,1.);
#1684 = DIRECTION('',(0.,1.,0.));
#1685 = ORIENTED_EDGE('',*,*,#765,.F.);
#1686 = ORIENTED_EDGE('',*,*,#1627,.T.);
#1687 = PLANE('',#1688);
#1688 = AXIS2_PLACEMENT_3D('',#1689,#1690,#1691);
#1689 = CARTESIAN_POINT('',(3.556,0.,-19.1135));
#1690 = DIRECTION('',(-1.,0.,0.));
#1691 = DIRECTION('',(0.,0.,1.));
#1692 = ADVANCED_FACE('',(#1693),#1704,.F.);
#1693 = FACE_BOUND('',#1694,.T.);
#1694 = EDGE_LOOP('',(#1695,#1701,#1702,#1703));
#1695 = ORIENTED_EDGE('',*,*,#1696,.T.);
#1696 = EDGE_CURVE('',#1673,#1649,#1697,.T.);
#1697 = LINE('',#1698,#1699);
#1698 = CARTESIAN_POINT('',(3.556,2.54,-19.1135));
#1699 = VECTOR('',#1700,1.);
#1700 = DIRECTION('',(1.,0.,0.));
#1701 = ORIENTED_EDGE('',*,*,#1658,.F.);
#1702 = ORIENTED_EDGE('',*,*,#757,.F.);
#1703 = ORIENTED_EDGE('',*,*,#1680,.T.);
#1704 = PLANE('',#1705);
#1705 = AXIS2_PLACEMENT_3D('',#1706,#1707,#1708);
#1706 = CARTESIAN_POINT('',(3.556,0.,-19.1135));
#1707 = DIRECTION('',(0.,0.,1.));
#1708 = DIRECTION('',(1.,0.,0.));
#1709 = ADVANCED_FACE('',(#1710),#1735,.F.);
#1710 = FACE_BOUND('',#1711,.T.);
#1711 = EDGE_LOOP('',(#1712,#1722,#1728,#1729));
#1712 = ORIENTED_EDGE('',*,*,#1713,.T.);
#1713 = EDGE_CURVE('',#1714,#1716,#1718,.T.);
#1714 = VERTEX_POINT('',#1715);
#1715 = CARTESIAN_POINT('',(3.556,2.54,-4.0005));
#1716 = VERTEX_POINT('',#1717);
#1717 = CARTESIAN_POINT('',(31.496,2.54,-4.0005));
#1718 = LINE('',#1719,#1720);
#1719 = CARTESIAN_POINT('',(31.496,2.54,-4.0005));
#1720 = VECTOR('',#1721,1.);
#1721 = DIRECTION('',(1.,0.,-1.2E-16));
#1722 = ORIENTED_EDGE('',*,*,#1723,.F.);
#1723 = EDGE_CURVE('',#776,#1716,#1724,.T.);
#1724 = LINE('',#1725,#1726);
#1725 = CARTESIAN_POINT('',(31.496,0.,-4.0005));
#1726 = VECTOR('',#1727,1.);
#1727 = DIRECTION('',(0.,1.,0.));
#1728 = ORIENTED_EDGE('',*,*,#773,.F.);
#1729 = ORIENTED_EDGE('',*,*,#1730,.T.);
#1730 = EDGE_CURVE('',#774,#1714,#1731,.T.);
#1731 = LINE('',#1732,#1733);
#1732 = CARTESIAN_POINT('',(3.556,0.,-4.0005));
#1733 = VECTOR('',#1734,1.);
#1734 = DIRECTION('',(0.,1.,0.));
#1735 = PLANE('',#1736);
#1736 = AXIS2_PLACEMENT_3D('',#1737,#1738,#1739);
#1737 = CARTESIAN_POINT('',(31.496,0.,-4.0005));
#1738 = DIRECTION('',(1.2E-16,0.,1.));
#1739 = DIRECTION('',(1.,0.,-1.2E-16));
#1740 = ADVANCED_FACE('',(#1741),#1759,.F.);
#1741 = FACE_BOUND('',#1742,.T.);
#1742 = EDGE_LOOP('',(#1743,#1751,#1752,#1753));
#1743 = ORIENTED_EDGE('',*,*,#1744,.T.);
#1744 = EDGE_CURVE('',#1745,#1714,#1747,.T.);
#1745 = VERTEX_POINT('',#1746);
#1746 = CARTESIAN_POINT('',(3.556,2.54,-17.4625));
#1747 = LINE('',#1748,#1749);
#1748 = CARTESIAN_POINT('',(3.556,2.54,-4.0005));
#1749 = VECTOR('',#1750,1.);
#1750 = DIRECTION('',(1.3E-16,0.,1.));
#1751 = ORIENTED_EDGE('',*,*,#1730,.F.);
#1752 = ORIENTED_EDGE('',*,*,#783,.F.);
#1753 = ORIENTED_EDGE('',*,*,#1754,.T.);
#1754 = EDGE_CURVE('',#784,#1745,#1755,.T.);
#1755 = LINE('',#1756,#1757);
#1756 = CARTESIAN_POINT('',(3.556,0.,-17.4625));
#1757 = VECTOR('',#1758,1.);
#1758 = DIRECTION('',(0.,1.,0.));
#1759 = PLANE('',#1760);
#1760 = AXIS2_PLACEMENT_3D('',#1761,#1762,#1763);
#1761 = CARTESIAN_POINT('',(3.556,0.,-4.0005));
#1762 = DIRECTION('',(-1.,0.,1.3E-16));
#1763 = DIRECTION('',(1.3E-16,0.,1.));
#1764 = ADVANCED_FACE('',(#1765),#1783,.F.);
#1765 = FACE_BOUND('',#1766,.T.);
#1766 = EDGE_LOOP('',(#1767,#1775,#1781,#1782));
#1767 = ORIENTED_EDGE('',*,*,#1768,.T.);
#1768 = EDGE_CURVE('',#1716,#1769,#1771,.T.);
#1769 = VERTEX_POINT('',#1770);
#1770 = CARTESIAN_POINT('',(31.496,2.54,-17.4625));
#1771 = LINE('',#1772,#1773);
#1772 = CARTESIAN_POINT('',(31.496,2.54,-4.0005));
#1773 = VECTOR('',#1774,1.);
#1774 = DIRECTION('',(0.,0.,-1.));
#1775 = ORIENTED_EDGE('',*,*,#1776,.F.);
#1776 = EDGE_CURVE('',#792,#1769,#1777,.T.);
#1777 = LINE('',#1778,#1779);
#1778 = CARTESIAN_POINT('',(31.496,0.,-17.4625));
#1779 = VECTOR('',#1780,1.);
#1780 = DIRECTION('',(0.,1.,0.));
#1781 = ORIENTED_EDGE('',*,*,#799,.F.);
#1782 = ORIENTED_EDGE('',*,*,#1723,.T.);
#1783 = PLANE('',#1784);
#1784 = AXIS2_PLACEMENT_3D('',#1785,#1786,#1787);
#1785 = CARTESIAN_POINT('',(31.496,0.,-4.0005));
#1786 = DIRECTION('',(1.,0.,0.));
#1787 = DIRECTION('',(0.,0.,-1.));
#1788 = ADVANCED_FACE('',(#1789),#1800,.F.);
#1789 = FACE_BOUND('',#1790,.T.);
#1790 = EDGE_LOOP('',(#1791,#1797,#1798,#1799));
#1791 = ORIENTED_EDGE('',*,*,#1792,.T.);
#1792 = EDGE_CURVE('',#1769,#1745,#1793,.T.);
#1793 = LINE('',#1794,#1795);
#1794 = CARTESIAN_POINT('',(31.496,2.54,-17.4625));
#1795 = VECTOR('',#1796,1.);
#1796 = DIRECTION('',(-1.,0.,1.2E-16));
#1797 = ORIENTED_EDGE('',*,*,#1754,.F.);
#1798 = ORIENTED_EDGE('',*,*,#791,.F.);
#1799 = ORIENTED_EDGE('',*,*,#1776,.T.);
#1800 = PLANE('',#1801);
#1801 = AXIS2_PLACEMENT_3D('',#1802,#1803,#1804);
#1802 = CARTESIAN_POINT('',(31.496,0.,-17.4625));
#1803 = DIRECTION('',(-1.2E-16,0.,-1.));
#1804 = DIRECTION('',(-1.,0.,1.2E-16));
#1805 = ADVANCED_FACE('',(#1806),#1831,.F.);
#1806 = FACE_BOUND('',#1807,.F.);
#1807 = EDGE_LOOP('',(#1808,#1809,#1817,#1825));
#1808 = ORIENTED_EDGE('',*,*,#807,.F.);
#1809 = ORIENTED_EDGE('',*,*,#1810,.T.);
#1810 = EDGE_CURVE('',#808,#1811,#1813,.T.);
#1811 = VERTEX_POINT('',#1812);
#1812 = CARTESIAN_POINT('',(62.992,2.54,-94.6785));
#1813 = LINE('',#1814,#1815);
#1814 = CARTESIAN_POINT('',(62.992,-2.102E-14,-94.6785));
#1815 = VECTOR('',#1816,1.);
#1816 = DIRECTION('',(0.,1.,-2.2E-16));
#1817 = ORIENTED_EDGE('',*,*,#1818,.F.);
#1818 = EDGE_CURVE('',#1819,#1811,#1821,.T.);
#1819 = VERTEX_POINT('',#1820);
#1820 = CARTESIAN_POINT('',(35.052,2.54,-94.6785));
#1821 = LINE('',#1822,#1823);
#1822 = CARTESIAN_POINT('',(63.627,2.54,-94.6785));
#1823 = VECTOR('',#1824,1.);
#1824 = DIRECTION('',(1.,0.,0.));
#1825 = ORIENTED_EDGE('',*,*,#1826,.F.);
#1826 = EDGE_CURVE('',#810,#1819,#1827,.T.);
#1827 = LINE('',#1828,#1829);
#1828 = CARTESIAN_POINT('',(35.052,-2.102E-14,-94.6785));
#1829 = VECTOR('',#1830,1.);
#1830 = DIRECTION('',(0.,1.,-2.2E-16));
#1831 = PLANE('',#1832);
#1832 = AXIS2_PLACEMENT_3D('',#1833,#1834,#1835);
#1833 = CARTESIAN_POINT('',(62.992,-2.102E-14,-94.6785));
#1834 = DIRECTION('',(0.,2.2E-16,1.));
#1835 = DIRECTION('',(-1.,0.,0.));
#1836 = ADVANCED_FACE('',(#1837),#1855,.F.);
#1837 = FACE_BOUND('',#1838,.F.);
#1838 = EDGE_LOOP('',(#1839,#1840,#1848,#1854));
#1839 = ORIENTED_EDGE('',*,*,#833,.F.);
#1840 = ORIENTED_EDGE('',*,*,#1841,.T.);
#1841 = EDGE_CURVE('',#826,#1842,#1844,.T.);
#1842 = VERTEX_POINT('',#1843);
#1843 = CARTESIAN_POINT('',(62.992,2.54,-108.1405));
#1844 = LINE('',#1845,#1846);
#1845 = CARTESIAN_POINT('',(62.992,-2.401E-14,-108.1405));
#1846 = VECTOR('',#1847,1.);
#1847 = DIRECTION('',(0.,1.,-2.2E-16));
#1848 = ORIENTED_EDGE('',*,*,#1849,.F.);
#1849 = EDGE_CURVE('',#1811,#1842,#1850,.T.);
#1850 = LINE('',#1851,#1852);
#1851 = CARTESIAN_POINT('',(62.992,2.54,-55.21325));
#1852 = VECTOR('',#1853,1.);
#1853 = DIRECTION('',(0.,0.,-1.));
#1854 = ORIENTED_EDGE('',*,*,#1810,.F.);
#1855 = PLANE('',#1856);
#1856 = AXIS2_PLACEMENT_3D('',#1857,#1858,#1859);
#1857 = CARTESIAN_POINT('',(62.992,-2.401E-14,-108.1405));
#1858 = DIRECTION('',(1.,0.,0.));
#1859 = DIRECTION('',(-0.,2.2E-16,1.));
#1860 = ADVANCED_FACE('',(#1861),#1879,.F.);
#1861 = FACE_BOUND('',#1862,.F.);
#1862 = EDGE_LOOP('',(#1863,#1864,#1872,#1878));
#1863 = ORIENTED_EDGE('',*,*,#825,.F.);
#1864 = ORIENTED_EDGE('',*,*,#1865,.T.);
#1865 = EDGE_CURVE('',#818,#1866,#1868,.T.);
#1866 = VERTEX_POINT('',#1867);
#1867 = CARTESIAN_POINT('',(35.052,2.54,-108.1405));
#1868 = LINE('',#1869,#1870);
#1869 = CARTESIAN_POINT('',(35.052,-2.401E-14,-108.1405));
#1870 = VECTOR('',#1871,1.);
#1871 = DIRECTION('',(0.,1.,-2.2E-16));
#1872 = ORIENTED_EDGE('',*,*,#1873,.F.);
#1873 = EDGE_CURVE('',#1842,#1866,#1874,.T.);
#1874 = LINE('',#1875,#1876);
#1875 = CARTESIAN_POINT('',(49.657,2.54,-108.1405));
#1876 = VECTOR('',#1877,1.);
#1877 = DIRECTION('',(-1.,0.,0.));
#1878 = ORIENTED_EDGE('',*,*,#1841,.F.);
#1879 = PLANE('',#1880);
#1880 = AXIS2_PLACEMENT_3D('',#1881,#1882,#1883);
#1881 = CARTESIAN_POINT('',(35.052,-2.401E-14,-108.1405));
#1882 = DIRECTION('',(0.,-2.2E-16,-1.));
#1883 = DIRECTION('',(1.,0.,0.));
#1884 = ADVANCED_FACE('',(#1885),#1896,.F.);
#1885 = FACE_BOUND('',#1886,.F.);
#1886 = EDGE_LOOP('',(#1887,#1888,#1889,#1895));
#1887 = ORIENTED_EDGE('',*,*,#817,.F.);
#1888 = ORIENTED_EDGE('',*,*,#1826,.T.);
#1889 = ORIENTED_EDGE('',*,*,#1890,.F.);
#1890 = EDGE_CURVE('',#1866,#1819,#1891,.T.);
#1891 = LINE('',#1892,#1893);
#1892 = CARTESIAN_POINT('',(35.052,2.54,-48.48225));
#1893 = VECTOR('',#1894,1.);
#1894 = DIRECTION('',(0.,0.,1.));
#1895 = ORIENTED_EDGE('',*,*,#1865,.F.);
#1896 = PLANE('',#1897);
#1897 = AXIS2_PLACEMENT_3D('',#1898,#1899,#1900);
#1898 = CARTESIAN_POINT('',(35.052,-2.102E-14,-94.6785));
#1899 = DIRECTION('',(-1.,0.,0.));
#1900 = DIRECTION('',(-0.,-2.2E-16,-1.));
#1901 = ADVANCED_FACE('',(#1902),#1927,.F.);
#1902 = FACE_BOUND('',#1903,.F.);
#1903 = EDGE_LOOP('',(#1904,#1905,#1913,#1921));
#1904 = ORIENTED_EDGE('',*,*,#841,.F.);
#1905 = ORIENTED_EDGE('',*,*,#1906,.T.);
#1906 = EDGE_CURVE('',#842,#1907,#1909,.T.);
#1907 = VERTEX_POINT('',#1908);
#1908 = CARTESIAN_POINT('',(62.992,2.54,-79.5655));
#1909 = LINE('',#1910,#1911);
#1910 = CARTESIAN_POINT('',(62.992,-1.767E-14,-79.5655));
#1911 = VECTOR('',#1912,1.);
#1912 = DIRECTION('',(0.,1.,-2.2E-16));
#1913 = ORIENTED_EDGE('',*,*,#1914,.F.);
#1914 = EDGE_CURVE('',#1915,#1907,#1917,.T.);
#1915 = VERTEX_POINT('',#1916);
#1916 = CARTESIAN_POINT('',(35.052,2.54,-79.5655));
#1917 = LINE('',#1918,#1919);
#1918 = CARTESIAN_POINT('',(63.627,2.54,-79.5655));
#1919 = VECTOR('',#1920,1.);
#1920 = DIRECTION('',(1.,0.,0.));
#1921 = ORIENTED_EDGE('',*,*,#1922,.F.);
#1922 = EDGE_CURVE('',#844,#1915,#1923,.T.);
#1923 = LINE('',#1924,#1925);
#1924 = CARTESIAN_POINT('',(35.052,-1.767E-14,-79.5655));
#1925 = VECTOR('',#1926,1.);
#1926 = DIRECTION('',(0.,1.,-2.2E-16));
#1927 = PLANE('',#1928);
#1928 = AXIS2_PLACEMENT_3D('',#1929,#1930,#1931);
#1929 = CARTESIAN_POINT('',(62.992,-1.767E-14,-79.5655));
#1930 = DIRECTION('',(0.,2.2E-16,1.));
#1931 = DIRECTION('',(-1.,0.,0.));
#1932 = ADVANCED_FACE('',(#1933),#1951,.F.);
#1933 = FACE_BOUND('',#1934,.F.);
#1934 = EDGE_LOOP('',(#1935,#1936,#1944,#1950));
#1935 = ORIENTED_EDGE('',*,*,#867,.F.);
#1936 = ORIENTED_EDGE('',*,*,#1937,.T.);
#1937 = EDGE_CURVE('',#860,#1938,#1940,.T.);
#1938 = VERTEX_POINT('',#1939);
#1939 = CARTESIAN_POINT('',(62.992,2.54,-93.0275));
#1940 = LINE('',#1941,#1942);
#1941 = CARTESIAN_POINT('',(62.992,-2.066E-14,-93.0275));
#1942 = VECTOR('',#1943,1.);
#1943 = DIRECTION('',(0.,1.,-2.2E-16));
#1944 = ORIENTED_EDGE('',*,*,#1945,.F.);
#1945 = EDGE_CURVE('',#1907,#1938,#1946,.T.);
#1946 = LINE('',#1947,#1948);
#1947 = CARTESIAN_POINT('',(62.992,2.54,-47.65675));
#1948 = VECTOR('',#1949,1.);
#1949 = DIRECTION('',(0.,0.,-1.));
#1950 = ORIENTED_EDGE('',*,*,#1906,.F.);
#1951 = PLANE('',#1952);
#1952 = AXIS2_PLACEMENT_3D('',#1953,#1954,#1955);
#1953 = CARTESIAN_POINT('',(62.992,-2.066E-14,-93.0275));
#1954 = DIRECTION('',(1.,0.,0.));
#1955 = DIRECTION('',(-0.,2.2E-16,1.));
#1956 = ADVANCED_FACE('',(#1957),#1975,.F.);
#1957 = FACE_BOUND('',#1958,.F.);
#1958 = EDGE_LOOP('',(#1959,#1960,#1968,#1974));
#1959 = ORIENTED_EDGE('',*,*,#859,.F.);
#1960 = ORIENTED_EDGE('',*,*,#1961,.T.);
#1961 = EDGE_CURVE('',#852,#1962,#1964,.T.);
#1962 = VERTEX_POINT('',#1963);
#1963 = CARTESIAN_POINT('',(35.052,2.54,-93.0275));
#1964 = LINE('',#1965,#1966);
#1965 = CARTESIAN_POINT('',(35.052,-2.066E-14,-93.0275));
#1966 = VECTOR('',#1967,1.);
#1967 = DIRECTION('',(0.,1.,-2.2E-16));
#1968 = ORIENTED_EDGE('',*,*,#1969,.F.);
#1969 = EDGE_CURVE('',#1938,#1962,#1970,.T.);
#1970 = LINE('',#1971,#1972);
#1971 = CARTESIAN_POINT('',(49.657,2.54,-93.0275));
#1972 = VECTOR('',#1973,1.);
#1973 = DIRECTION('',(-1.,0.,0.));
#1974 = ORIENTED_EDGE('',*,*,#1937,.F.);
#1975 = PLANE('',#1976);
#1976 = AXIS2_PLACEMENT_3D('',#1977,#1978,#1979);
#1977 = CARTESIAN_POINT('',(35.052,-2.066E-14,-93.0275));
#1978 = DIRECTION('',(0.,-2.2E-16,-1.));
#1979 = DIRECTION('',(1.,0.,0.));
#1980 = ADVANCED_FACE('',(#1981),#1992,.F.);
#1981 = FACE_BOUND('',#1982,.F.);
#1982 = EDGE_LOOP('',(#1983,#1984,#1985,#1991));
#1983 = ORIENTED_EDGE('',*,*,#851,.F.);
#1984 = ORIENTED_EDGE('',*,*,#1922,.T.);
#1985 = ORIENTED_EDGE('',*,*,#1986,.F.);
#1986 = EDGE_CURVE('',#1962,#1915,#1987,.T.);
#1987 = LINE('',#1988,#1989);
#1988 = CARTESIAN_POINT('',(35.052,2.54,-40.92575));
#1989 = VECTOR('',#1990,1.);
#1990 = DIRECTION('',(0.,0.,1.));
#1991 = ORIENTED_EDGE('',*,*,#1961,.F.);
#1992 = PLANE('',#1993);
#1993 = AXIS2_PLACEMENT_3D('',#1994,#1995,#1996);
#1994 = CARTESIAN_POINT('',(35.052,-1.767E-14,-79.5655));
#1995 = DIRECTION('',(-1.,0.,0.));
#1996 = DIRECTION('',(-0.,-2.2E-16,-1.));
#1997 = ADVANCED_FACE('',(#1998),#2023,.F.);
#1998 = FACE_BOUND('',#1999,.T.);
#1999 = EDGE_LOOP('',(#2000,#2010,#2016,#2017));
#2000 = ORIENTED_EDGE('',*,*,#2001,.T.);
#2001 = EDGE_CURVE('',#2002,#2004,#2006,.T.);
#2002 = VERTEX_POINT('',#2003);
#2003 = CARTESIAN_POINT('',(35.052,2.54,-64.4525));
#2004 = VERTEX_POINT('',#2005);
#2005 = CARTESIAN_POINT('',(62.992,2.54,-64.4525));
#2006 = LINE('',#2007,#2008);
#2007 = CARTESIAN_POINT('',(62.992,2.54,-64.4525));
#2008 = VECTOR('',#2009,1.);
#2009 = DIRECTION('',(1.,0.,5.E-16));
#2010 = ORIENTED_EDGE('',*,*,#2011,.F.);
#2011 = EDGE_CURVE('',#878,#2004,#2012,.T.);
#2012 = LINE('',#2013,#2014);
#2013 = CARTESIAN_POINT('',(62.992,0.,-64.4525));
#2014 = VECTOR('',#2015,1.);
#2015 = DIRECTION('',(0.,1.,0.));
#2016 = ORIENTED_EDGE('',*,*,#875,.F.);
#2017 = ORIENTED_EDGE('',*,*,#2018,.T.);
#2018 = EDGE_CURVE('',#876,#2002,#2019,.T.);
#2019 = LINE('',#2020,#2021);
#2020 = CARTESIAN_POINT('',(35.052,0.,-64.4525));
#2021 = VECTOR('',#2022,1.);
#2022 = DIRECTION('',(0.,1.,0.));
#2023 = PLANE('',#2024);
#2024 = AXIS2_PLACEMENT_3D('',#2025,#2026,#2027);
#2025 = CARTESIAN_POINT('',(62.992,0.,-64.4525));
#2026 = DIRECTION('',(-5.E-16,0.,1.));
#2027 = DIRECTION('',(1.,0.,5.E-16));
#2028 = ADVANCED_FACE('',(#2029),#2047,.F.);
#2029 = FACE_BOUND('',#2030,.T.);
#2030 = EDGE_LOOP('',(#2031,#2039,#2040,#2041));
#2031 = ORIENTED_EDGE('',*,*,#2032,.T.);
#2032 = EDGE_CURVE('',#2033,#2002,#2035,.T.);
#2033 = VERTEX_POINT('',#2034);
#2034 = CARTESIAN_POINT('',(35.052,2.54,-77.9145));
#2035 = LINE('',#2036,#2037);
#2036 = CARTESIAN_POINT('',(35.052,2.54,-64.4525));
#2037 = VECTOR('',#2038,1.);
#2038 = DIRECTION('',(0.,0.,1.));
#2039 = ORIENTED_EDGE('',*,*,#2018,.F.);
#2040 = ORIENTED_EDGE('',*,*,#885,.F.);
#2041 = ORIENTED_EDGE('',*,*,#2042,.T.);
#2042 = EDGE_CURVE('',#886,#2033,#2043,.T.);
#2043 = LINE('',#2044,#2045);
#2044 = CARTESIAN_POINT('',(35.052,0.,-77.9145));
#2045 = VECTOR('',#2046,1.);
#2046 = DIRECTION('',(0.,1.,0.));
#2047 = PLANE('',#2048);
#2048 = AXIS2_PLACEMENT_3D('',#2049,#2050,#2051);
#2049 = CARTESIAN_POINT('',(35.052,0.,-64.4525));
#2050 = DIRECTION('',(-1.,0.,0.));
#2051 = DIRECTION('',(0.,0.,1.));
#2052 = ADVANCED_FACE('',(#2053),#2071,.F.);
#2053 = FACE_BOUND('',#2054,.T.);
#2054 = EDGE_LOOP('',(#2055,#2063,#2069,#2070));
#2055 = ORIENTED_EDGE('',*,*,#2056,.T.);
#2056 = EDGE_CURVE('',#2004,#2057,#2059,.T.);
#2057 = VERTEX_POINT('',#2058);
#2058 = CARTESIAN_POINT('',(62.992,2.54,-77.9145));
#2059 = LINE('',#2060,#2061);
#2060 = CARTESIAN_POINT('',(62.992,2.54,-64.4525));
#2061 = VECTOR('',#2062,1.);
#2062 = DIRECTION('',(0.,0.,-1.));
#2063 = ORIENTED_EDGE('',*,*,#2064,.F.);
#2064 = EDGE_CURVE('',#894,#2057,#2065,.T.);
#2065 = LINE('',#2066,#2067);
#2066 = CARTESIAN_POINT('',(62.992,0.,-77.9145));
#2067 = VECTOR('',#2068,1.);
#2068 = DIRECTION('',(0.,1.,0.));
#2069 = ORIENTED_EDGE('',*,*,#901,.F.);
#2070 = ORIENTED_EDGE('',*,*,#2011,.T.);
#2071 = PLANE('',#2072);
#2072 = AXIS2_PLACEMENT_3D('',#2073,#2074,#2075);
#2073 = CARTESIAN_POINT('',(62.992,0.,-64.4525));
#2074 = DIRECTION('',(1.,0.,0.));
#2075 = DIRECTION('',(0.,0.,-1.));
#2076 = ADVANCED_FACE('',(#2077),#2088,.F.);
#2077 = FACE_BOUND('',#2078,.T.);
#2078 = EDGE_LOOP('',(#2079,#2085,#2086,#2087));
#2079 = ORIENTED_EDGE('',*,*,#2080,.T.);
#2080 = EDGE_CURVE('',#2057,#2033,#2081,.T.);
#2081 = LINE('',#2082,#2083);
#2082 = CARTESIAN_POINT('',(62.992,2.54,-77.9145));
#2083 = VECTOR('',#2084,1.);
#2084 = DIRECTION('',(-1.,0.,0.));
#2085 = ORIENTED_EDGE('',*,*,#2042,.F.);
#2086 = ORIENTED_EDGE('',*,*,#893,.F.);
#2087 = ORIENTED_EDGE('',*,*,#2064,.T.);
#2088 = PLANE('',#2089);
#2089 = AXIS2_PLACEMENT_3D('',#2090,#2091,#2092);
#2090 = CARTESIAN_POINT('',(62.992,0.,-77.9145));
#2091 = DIRECTION('',(0.,0.,-1.));
#2092 = DIRECTION('',(-1.,0.,0.));
#2093 = ADVANCED_FACE('',(#2094),#2119,.F.);
#2094 = FACE_BOUND('',#2095,.T.);
#2095 = EDGE_LOOP('',(#2096,#2106,#2112,#2113));
#2096 = ORIENTED_EDGE('',*,*,#2097,.T.);
#2097 = EDGE_CURVE('',#2098,#2100,#2102,.T.);
#2098 = VERTEX_POINT('',#2099);
#2099 = CARTESIAN_POINT('',(62.992,2.54,-62.8015));
#2100 = VERTEX_POINT('',#2101);
#2101 = CARTESIAN_POINT('',(35.052,2.54,-62.8015));
#2102 = LINE('',#2103,#2104);
#2103 = CARTESIAN_POINT('',(35.052,2.54,-62.8015));
#2104 = VECTOR('',#2105,1.);
#2105 = DIRECTION('',(-1.,-0.,-0.));
#2106 = ORIENTED_EDGE('',*,*,#2107,.F.);
#2107 = EDGE_CURVE('',#912,#2100,#2108,.T.);
#2108 = LINE('',#2109,#2110);
#2109 = CARTESIAN_POINT('',(35.052,0.,-62.8015));
#2110 = VECTOR('',#2111,1.);
#2111 = DIRECTION('',(0.,1.,0.));
#2112 = ORIENTED_EDGE('',*,*,#909,.F.);
#2113 = ORIENTED_EDGE('',*,*,#2114,.T.);
#2114 = EDGE_CURVE('',#910,#2098,#2115,.T.);
#2115 = LINE('',#2116,#2117);
#2116 = CARTESIAN_POINT('',(62.992,0.,-62.8015));
#2117 = VECTOR('',#2118,1.);
#2118 = DIRECTION('',(0.,1.,0.));
#2119 = PLANE('',#2120);
#2120 = AXIS2_PLACEMENT_3D('',#2121,#2122,#2123);
#2121 = CARTESIAN_POINT('',(35.052,0.,-62.8015));
#2122 = DIRECTION('',(0.,0.,-1.));
#2123 = DIRECTION('',(-1.,0.,0.));
#2124 = ADVANCED_FACE('',(#2125),#2143,.F.);
#2125 = FACE_BOUND('',#2126,.T.);
#2126 = EDGE_LOOP('',(#2127,#2135,#2136,#2137));
#2127 = ORIENTED_EDGE('',*,*,#2128,.T.);
#2128 = EDGE_CURVE('',#2129,#2098,#2131,.T.);
#2129 = VERTEX_POINT('',#2130);
#2130 = CARTESIAN_POINT('',(62.992,2.54,-49.3395));
#2131 = LINE('',#2132,#2133);
#2132 = CARTESIAN_POINT('',(62.992,2.54,-49.3395));
#2133 = VECTOR('',#2134,1.);
#2134 = DIRECTION('',(0.,0.,-1.));
#2135 = ORIENTED_EDGE('',*,*,#2114,.F.);
#2136 = ORIENTED_EDGE('',*,*,#919,.F.);
#2137 = ORIENTED_EDGE('',*,*,#2138,.T.);
#2138 = EDGE_CURVE('',#920,#2129,#2139,.T.);
#2139 = LINE('',#2140,#2141);
#2140 = CARTESIAN_POINT('',(62.992,0.,-49.3395));
#2141 = VECTOR('',#2142,1.);
#2142 = DIRECTION('',(0.,1.,0.));
#2143 = PLANE('',#2144);
#2144 = AXIS2_PLACEMENT_3D('',#2145,#2146,#2147);
#2145 = CARTESIAN_POINT('',(62.992,0.,-49.3395));
#2146 = DIRECTION('',(1.,0.,0.));
#2147 = DIRECTION('',(0.,0.,-1.));
#2148 = ADVANCED_FACE('',(#2149),#2167,.F.);
#2149 = FACE_BOUND('',#2150,.T.);
#2150 = EDGE_LOOP('',(#2151,#2159,#2165,#2166));
#2151 = ORIENTED_EDGE('',*,*,#2152,.T.);
#2152 = EDGE_CURVE('',#2100,#2153,#2155,.T.);
#2153 = VERTEX_POINT('',#2154);
#2154 = CARTESIAN_POINT('',(35.052,2.54,-49.3395));
#2155 = LINE('',#2156,#2157);
#2156 = CARTESIAN_POINT('',(35.052,2.54,-49.3395));
#2157 = VECTOR('',#2158,1.);
#2158 = DIRECTION('',(0.,0.,1.));
#2159 = ORIENTED_EDGE('',*,*,#2160,.F.);
#2160 = EDGE_CURVE('',#928,#2153,#2161,.T.);
#2161 = LINE('',#2162,#2163);
#2162 = CARTESIAN_POINT('',(35.052,0.,-49.3395));
#2163 = VECTOR('',#2164,1.);
#2164 = DIRECTION('',(0.,1.,0.));
#2165 = ORIENTED_EDGE('',*,*,#935,.F.);
#2166 = ORIENTED_EDGE('',*,*,#2107,.T.);
#2167 = PLANE('',#2168);
#2168 = AXIS2_PLACEMENT_3D('',#2169,#2170,#2171);
#2169 = CARTESIAN_POINT('',(35.052,0.,-49.3395));
#2170 = DIRECTION('',(-1.,0.,0.));
#2171 = DIRECTION('',(0.,0.,1.));
#2172 = ADVANCED_FACE('',(#2173),#2184,.F.);
#2173 = FACE_BOUND('',#2174,.T.);
#2174 = EDGE_LOOP('',(#2175,#2181,#2182,#2183));
#2175 = ORIENTED_EDGE('',*,*,#2176,.T.);
#2176 = EDGE_CURVE('',#2153,#2129,#2177,.T.);
#2177 = LINE('',#2178,#2179);
#2178 = CARTESIAN_POINT('',(35.052,2.54,-49.3395));
#2179 = VECTOR('',#2180,1.);
#2180 = DIRECTION('',(1.,0.,0.));
#2181 = ORIENTED_EDGE('',*,*,#2138,.F.);
#2182 = ORIENTED_EDGE('',*,*,#927,.F.);
#2183 = ORIENTED_EDGE('',*,*,#2160,.T.);
#2184 = PLANE('',#2185);
#2185 = AXIS2_PLACEMENT_3D('',#2186,#2187,#2188);
#2186 = CARTESIAN_POINT('',(35.052,0.,-49.3395));
#2187 = DIRECTION('',(0.,0.,1.));
#2188 = DIRECTION('',(1.,0.,0.));
#2189 = ADVANCED_FACE('',(#2190),#2215,.F.);
#2190 = FACE_BOUND('',#2191,.T.);
#2191 = EDGE_LOOP('',(#2192,#2202,#2208,#2209));
#2192 = ORIENTED_EDGE('',*,*,#2193,.T.);
#2193 = EDGE_CURVE('',#2194,#2196,#2198,.T.);
#2194 = VERTEX_POINT('',#2195);
#2195 = CARTESIAN_POINT('',(35.052,2.54,-34.2265));
#2196 = VERTEX_POINT('',#2197);
#2197 = CARTESIAN_POINT('',(62.992,2.54,-34.2265));
#2198 = LINE('',#2199,#2200);
#2199 = CARTESIAN_POINT('',(62.992,2.54,-34.2265));
#2200 = VECTOR('',#2201,1.);
#2201 = DIRECTION('',(1.,0.,0.));
#2202 = ORIENTED_EDGE('',*,*,#2203,.F.);
#2203 = EDGE_CURVE('',#946,#2196,#2204,.T.);
#2204 = LINE('',#2205,#2206);
#2205 = CARTESIAN_POINT('',(62.992,0.,-34.2265));
#2206 = VECTOR('',#2207,1.);
#2207 = DIRECTION('',(0.,1.,0.));
#2208 = ORIENTED_EDGE('',*,*,#943,.F.);
#2209 = ORIENTED_EDGE('',*,*,#2210,.T.);
#2210 = EDGE_CURVE('',#944,#2194,#2211,.T.);
#2211 = LINE('',#2212,#2213);
#2212 = CARTESIAN_POINT('',(35.052,0.,-34.2265));
#2213 = VECTOR('',#2214,1.);
#2214 = DIRECTION('',(0.,1.,0.));
#2215 = PLANE('',#2216);
#2216 = AXIS2_PLACEMENT_3D('',#2217,#2218,#2219);
#2217 = CARTESIAN_POINT('',(62.992,0.,-34.2265));
#2218 = DIRECTION('',(0.,0.,1.));
#2219 = DIRECTION('',(1.,0.,0.));
#2220 = ADVANCED_FACE('',(#2221),#2239,.F.);
#2221 = FACE_BOUND('',#2222,.T.);
#2222 = EDGE_LOOP('',(#2223,#2231,#2232,#2233));
#2223 = ORIENTED_EDGE('',*,*,#2224,.T.);
#2224 = EDGE_CURVE('',#2225,#2194,#2227,.T.);
#2225 = VERTEX_POINT('',#2226);
#2226 = CARTESIAN_POINT('',(35.052,2.54,-47.6885));
#2227 = LINE('',#2228,#2229);
#2228 = CARTESIAN_POINT('',(35.052,2.54,-34.2265));
#2229 = VECTOR('',#2230,1.);
#2230 = DIRECTION('',(0.,0.,1.));
#2231 = ORIENTED_EDGE('',*,*,#2210,.F.);
#2232 = ORIENTED_EDGE('',*,*,#953,.F.);
#2233 = ORIENTED_EDGE('',*,*,#2234,.T.);
#2234 = EDGE_CURVE('',#954,#2225,#2235,.T.);
#2235 = LINE('',#2236,#2237);
#2236 = CARTESIAN_POINT('',(35.052,0.,-47.6885));
#2237 = VECTOR('',#2238,1.);
#2238 = DIRECTION('',(0.,1.,0.));
#2239 = PLANE('',#2240);
#2240 = AXIS2_PLACEMENT_3D('',#2241,#2242,#2243);
#2241 = CARTESIAN_POINT('',(35.052,0.,-34.2265));
#2242 = DIRECTION('',(-1.,0.,0.));
#2243 = DIRECTION('',(0.,0.,1.));
#2244 = ADVANCED_FACE('',(#2245),#2263,.F.);
#2245 = FACE_BOUND('',#2246,.T.);
#2246 = EDGE_LOOP('',(#2247,#2255,#2261,#2262));
#2247 = ORIENTED_EDGE('',*,*,#2248,.T.);
#2248 = EDGE_CURVE('',#2196,#2249,#2251,.T.);
#2249 = VERTEX_POINT('',#2250);
#2250 = CARTESIAN_POINT('',(62.992,2.54,-47.6885));
#2251 = LINE('',#2252,#2253);
#2252 = CARTESIAN_POINT('',(62.992,2.54,-34.2265));
#2253 = VECTOR('',#2254,1.);
#2254 = DIRECTION('',(0.,0.,-1.));
#2255 = ORIENTED_EDGE('',*,*,#2256,.F.);
#2256 = EDGE_CURVE('',#962,#2249,#2257,.T.);
#2257 = LINE('',#2258,#2259);
#2258 = CARTESIAN_POINT('',(62.992,0.,-47.6885));
#2259 = VECTOR('',#2260,1.);
#2260 = DIRECTION('',(0.,1.,0.));
#2261 = ORIENTED_EDGE('',*,*,#969,.F.);
#2262 = ORIENTED_EDGE('',*,*,#2203,.T.);
#2263 = PLANE('',#2264);
#2264 = AXIS2_PLACEMENT_3D('',#2265,#2266,#2267);
#2265 = CARTESIAN_POINT('',(62.992,0.,-34.2265));
#2266 = DIRECTION('',(1.,0.,0.));
#2267 = DIRECTION('',(0.,0.,-1.));
#2268 = ADVANCED_FACE('',(#2269),#2280,.F.);
#2269 = FACE_BOUND('',#2270,.T.);
#2270 = EDGE_LOOP('',(#2271,#2277,#2278,#2279));
#2271 = ORIENTED_EDGE('',*,*,#2272,.T.);
#2272 = EDGE_CURVE('',#2249,#2225,#2273,.T.);
#2273 = LINE('',#2274,#2275);
#2274 = CARTESIAN_POINT('',(62.992,2.54,-47.6885));
#2275 = VECTOR('',#2276,1.);
#2276 = DIRECTION('',(-1.,0.,2.5E-16));
#2277 = ORIENTED_EDGE('',*,*,#2234,.F.);
#2278 = ORIENTED_EDGE('',*,*,#961,.F.);
#2279 = ORIENTED_EDGE('',*,*,#2256,.T.);
#2280 = PLANE('',#2281);
#2281 = AXIS2_PLACEMENT_3D('',#2282,#2283,#2284);
#2282 = CARTESIAN_POINT('',(62.992,0.,-47.6885));
#2283 = DIRECTION('',(-2.5E-16,0.,-1.));
#2284 = DIRECTION('',(-1.,0.,2.5E-16));
#2285 = ADVANCED_FACE('',(#2286),#2311,.F.);
#2286 = FACE_BOUND('',#2287,.T.);
#2287 = EDGE_LOOP('',(#2288,#2298,#2304,#2305));
#2288 = ORIENTED_EDGE('',*,*,#2289,.T.);
#2289 = EDGE_CURVE('',#2290,#2292,#2294,.T.);
#2290 = VERTEX_POINT('',#2291);
#2291 = CARTESIAN_POINT('',(62.992,2.54,-32.5755));
#2292 = VERTEX_POINT('',#2293);
#2293 = CARTESIAN_POINT('',(35.052,2.54,-32.5755));
#2294 = LINE('',#2295,#2296);
#2295 = CARTESIAN_POINT('',(35.052,2.54,-32.5755));
#2296 = VECTOR('',#2297,1.);
#2297 = DIRECTION('',(-1.,-0.,-0.));
#2298 = ORIENTED_EDGE('',*,*,#2299,.F.);
#2299 = EDGE_CURVE('',#980,#2292,#2300,.T.);
#2300 = LINE('',#2301,#2302);
#2301 = CARTESIAN_POINT('',(35.052,0.,-32.5755));
#2302 = VECTOR('',#2303,1.);
#2303 = DIRECTION('',(0.,1.,0.));
#2304 = ORIENTED_EDGE('',*,*,#977,.F.);
#2305 = ORIENTED_EDGE('',*,*,#2306,.T.);
#2306 = EDGE_CURVE('',#978,#2290,#2307,.T.);
#2307 = LINE('',#2308,#2309);
#2308 = CARTESIAN_POINT('',(62.992,0.,-32.5755));
#2309 = VECTOR('',#2310,1.);
#2310 = DIRECTION('',(0.,1.,0.));
#2311 = PLANE('',#2312);
#2312 = AXIS2_PLACEMENT_3D('',#2313,#2314,#2315);
#2313 = CARTESIAN_POINT('',(35.052,0.,-32.5755));
#2314 = DIRECTION('',(0.,0.,-1.));
#2315 = DIRECTION('',(-1.,0.,0.));
#2316 = ADVANCED_FACE('',(#2317),#2335,.F.);
#2317 = FACE_BOUND('',#2318,.T.);
#2318 = EDGE_LOOP('',(#2319,#2327,#2328,#2329));
#2319 = ORIENTED_EDGE('',*,*,#2320,.T.);
#2320 = EDGE_CURVE('',#2321,#2290,#2323,.T.);
#2321 = VERTEX_POINT('',#2322);
#2322 = CARTESIAN_POINT('',(62.992,2.54,-19.1135));
#2323 = LINE('',#2324,#2325);
#2324 = CARTESIAN_POINT('',(62.992,2.54,-19.1135));
#2325 = VECTOR('',#2326,1.);
#2326 = DIRECTION('',(0.,0.,-1.));
#2327 = ORIENTED_EDGE('',*,*,#2306,.F.);
#2328 = ORIENTED_EDGE('',*,*,#987,.F.);
#2329 = ORIENTED_EDGE('',*,*,#2330,.T.);
#2330 = EDGE_CURVE('',#988,#2321,#2331,.T.);
#2331 = LINE('',#2332,#2333);
#2332 = CARTESIAN_POINT('',(62.992,0.,-19.1135));
#2333 = VECTOR('',#2334,1.);
#2334 = DIRECTION('',(0.,1.,0.));
#2335 = PLANE('',#2336);
#2336 = AXIS2_PLACEMENT_3D('',#2337,#2338,#2339);
#2337 = CARTESIAN_POINT('',(62.992,0.,-19.1135));
#2338 = DIRECTION('',(1.,0.,0.));
#2339 = DIRECTION('',(0.,0.,-1.));
#2340 = ADVANCED_FACE('',(#2341),#2359,.F.);
#2341 = FACE_BOUND('',#2342,.T.);
#2342 = EDGE_LOOP('',(#2343,#2351,#2357,#2358));
#2343 = ORIENTED_EDGE('',*,*,#2344,.T.);
#2344 = EDGE_CURVE('',#2292,#2345,#2347,.T.);
#2345 = VERTEX_POINT('',#2346);
#2346 = CARTESIAN_POINT('',(35.052,2.54,-19.1135));
#2347 = LINE('',#2348,#2349);
#2348 = CARTESIAN_POINT('',(35.052,2.54,-19.1135));
#2349 = VECTOR('',#2350,1.);
#2350 = DIRECTION('',(0.,0.,1.));
#2351 = ORIENTED_EDGE('',*,*,#2352,.F.);
#2352 = EDGE_CURVE('',#996,#2345,#2353,.T.);
#2353 = LINE('',#2354,#2355);
#2354 = CARTESIAN_POINT('',(35.052,0.,-19.1135));
#2355 = VECTOR('',#2356,1.);
#2356 = DIRECTION('',(0.,1.,0.));
#2357 = ORIENTED_EDGE('',*,*,#1003,.F.);
#2358 = ORIENTED_EDGE('',*,*,#2299,.T.);
#2359 = PLANE('',#2360);
#2360 = AXIS2_PLACEMENT_3D('',#2361,#2362,#2363);
#2361 = CARTESIAN_POINT('',(35.052,0.,-19.1135));
#2362 = DIRECTION('',(-1.,0.,0.));
#2363 = DIRECTION('',(0.,0.,1.));
#2364 = ADVANCED_FACE('',(#2365),#2376,.F.);
#2365 = FACE_BOUND('',#2366,.T.);
#2366 = EDGE_LOOP('',(#2367,#2373,#2374,#2375));
#2367 = ORIENTED_EDGE('',*,*,#2368,.T.);
#2368 = EDGE_CURVE('',#2345,#2321,#2369,.T.);
#2369 = LINE('',#2370,#2371);
#2370 = CARTESIAN_POINT('',(35.052,2.54,-19.1135));
#2371 = VECTOR('',#2372,1.);
#2372 = DIRECTION('',(1.,0.,0.));
#2373 = ORIENTED_EDGE('',*,*,#2330,.F.);
#2374 = ORIENTED_EDGE('',*,*,#995,.F.);
#2375 = ORIENTED_EDGE('',*,*,#2352,.T.);
#2376 = PLANE('',#2377);
#2377 = AXIS2_PLACEMENT_3D('',#2378,#2379,#2380);
#2378 = CARTESIAN_POINT('',(35.052,0.,-19.1135));
#2379 = DIRECTION('',(0.,0.,1.));
#2380 = DIRECTION('',(1.,0.,0.));
#2381 = ADVANCED_FACE('',(#2382),#2407,.F.);
#2382 = FACE_BOUND('',#2383,.T.);
#2383 = EDGE_LOOP('',(#2384,#2394,#2400,#2401));
#2384 = ORIENTED_EDGE('',*,*,#2385,.T.);
#2385 = EDGE_CURVE('',#2386,#2388,#2390,.T.);
#2386 = VERTEX_POINT('',#2387);
#2387 = CARTESIAN_POINT('',(35.052,2.54,-4.0005));
#2388 = VERTEX_POINT('',#2389);
#2389 = CARTESIAN_POINT('',(62.992,2.54,-4.0005));
#2390 = LINE('',#2391,#2392);
#2391 = CARTESIAN_POINT('',(62.992,2.54,-4.0005));
#2392 = VECTOR('',#2393,1.);
#2393 = DIRECTION('',(1.,0.,-6.E-17));
#2394 = ORIENTED_EDGE('',*,*,#2395,.F.);
#2395 = EDGE_CURVE('',#1014,#2388,#2396,.T.);
#2396 = LINE('',#2397,#2398);
#2397 = CARTESIAN_POINT('',(62.992,0.,-4.0005));
#2398 = VECTOR('',#2399,1.);
#2399 = DIRECTION('',(0.,1.,0.));
#2400 = ORIENTED_EDGE('',*,*,#1011,.F.);
#2401 = ORIENTED_EDGE('',*,*,#2402,.T.);
#2402 = EDGE_CURVE('',#1012,#2386,#2403,.T.);
#2403 = LINE('',#2404,#2405);
#2404 = CARTESIAN_POINT('',(35.052,0.,-4.0005));
#2405 = VECTOR('',#2406,1.);
#2406 = DIRECTION('',(0.,1.,0.));
#2407 = PLANE('',#2408);
#2408 = AXIS2_PLACEMENT_3D('',#2409,#2410,#2411);
#2409 = CARTESIAN_POINT('',(62.992,0.,-4.0005));
#2410 = DIRECTION('',(6.E-17,0.,1.));
#2411 = DIRECTION('',(1.,0.,-6.E-17));
#2412 = ADVANCED_FACE('',(#2413),#2431,.F.);
#2413 = FACE_BOUND('',#2414,.T.);
#2414 = EDGE_LOOP('',(#2415,#2423,#2424,#2425));
#2415 = ORIENTED_EDGE('',*,*,#2416,.T.);
#2416 = EDGE_CURVE('',#2417,#2386,#2419,.T.);
#2417 = VERTEX_POINT('',#2418);
#2418 = CARTESIAN_POINT('',(35.052,2.54,-17.4625));
#2419 = LINE('',#2420,#2421);
#2420 = CARTESIAN_POINT('',(35.052,2.54,-4.0005));
#2421 = VECTOR('',#2422,1.);
#2422 = DIRECTION('',(0.,0.,1.));
#2423 = ORIENTED_EDGE('',*,*,#2402,.F.);
#2424 = ORIENTED_EDGE('',*,*,#1021,.F.);
#2425 = ORIENTED_EDGE('',*,*,#2426,.T.);
#2426 = EDGE_CURVE('',#1022,#2417,#2427,.T.);
#2427 = LINE('',#2428,#2429);
#2428 = CARTESIAN_POINT('',(35.052,0.,-17.4625));
#2429 = VECTOR('',#2430,1.);
#2430 = DIRECTION('',(0.,1.,0.));
#2431 = PLANE('',#2432);
#2432 = AXIS2_PLACEMENT_3D('',#2433,#2434,#2435);
#2433 = CARTESIAN_POINT('',(35.052,0.,-4.0005));
#2434 = DIRECTION('',(-1.,0.,0.));
#2435 = DIRECTION('',(0.,0.,1.));
#2436 = ADVANCED_FACE('',(#2437),#2455,.F.);
#2437 = FACE_BOUND('',#2438,.T.);
#2438 = EDGE_LOOP('',(#2439,#2447,#2453,#2454));
#2439 = ORIENTED_EDGE('',*,*,#2440,.T.);
#2440 = EDGE_CURVE('',#2388,#2441,#2443,.T.);
#2441 = VERTEX_POINT('',#2442);
#2442 = CARTESIAN_POINT('',(62.992,2.54,-17.4625));
#2443 = LINE('',#2444,#2445);
#2444 = CARTESIAN_POINT('',(62.992,2.54,-4.0005));
#2445 = VECTOR('',#2446,1.);
#2446 = DIRECTION('',(0.,0.,-1.));
#2447 = ORIENTED_EDGE('',*,*,#2448,.F.);
#2448 = EDGE_CURVE('',#1030,#2441,#2449,.T.);
#2449 = LINE('',#2450,#2451);
#2450 = CARTESIAN_POINT('',(62.992,0.,-17.4625));
#2451 = VECTOR('',#2452,1.);
#2452 = DIRECTION('',(0.,1.,0.));
#2453 = ORIENTED_EDGE('',*,*,#1037,.F.);
#2454 = ORIENTED_EDGE('',*,*,#2395,.T.);
#2455 = PLANE('',#2456);
#2456 = AXIS2_PLACEMENT_3D('',#2457,#2458,#2459);
#2457 = CARTESIAN_POINT('',(62.992,0.,-4.0005));
#2458 = DIRECTION('',(1.,0.,0.));
#2459 = DIRECTION('',(0.,0.,-1.));
#2460 = ADVANCED_FACE('',(#2461),#2472,.F.);
#2461 = FACE_BOUND('',#2462,.T.);
#2462 = EDGE_LOOP('',(#2463,#2469,#2470,#2471));
#2463 = ORIENTED_EDGE('',*,*,#2464,.T.);
#2464 = EDGE_CURVE('',#2441,#2417,#2465,.T.);
#2465 = LINE('',#2466,#2467);
#2466 = CARTESIAN_POINT('',(62.992,2.54,-17.4625));
#2467 = VECTOR('',#2468,1.);
#2468 = DIRECTION('',(-1.,0.,1.2E-16));
#2469 = ORIENTED_EDGE('',*,*,#2426,.F.);
#2470 = ORIENTED_EDGE('',*,*,#1029,.F.);
#2471 = ORIENTED_EDGE('',*,*,#2448,.T.);
#2472 = PLANE('',#2473);
#2473 = AXIS2_PLACEMENT_3D('',#2474,#2475,#2476);
#2474 = CARTESIAN_POINT('',(62.992,0.,-17.4625));
#2475 = DIRECTION('',(-1.2E-16,0.,-1.));
#2476 = DIRECTION('',(-1.,0.,1.2E-16));
#2477 = ADVANCED_FACE('',(#2478),#2503,.T.);
#2478 = FACE_BOUND('',#2479,.T.);
#2479 = EDGE_LOOP('',(#2480,#2490,#2496,#2497));
#2480 = ORIENTED_EDGE('',*,*,#2481,.F.);
#2481 = EDGE_CURVE('',#2482,#2484,#2486,.T.);
#2482 = VERTEX_POINT('',#2483);
#2483 = CARTESIAN_POINT('',(3.81,2.54,-3.048));
#2484 = VERTEX_POINT('',#2485);
#2485 = CARTESIAN_POINT('',(62.738,2.54,-3.048));
#2486 = LINE('',#2487,#2488);
#2487 = CARTESIAN_POINT('',(3.81,2.54,-3.048));
#2488 = VECTOR('',#2489,1.);
#2489 = DIRECTION('',(1.,0.,1.E-17));
#2490 = ORIENTED_EDGE('',*,*,#2491,.F.);
#2491 = EDGE_CURVE('',#1062,#2482,#2492,.T.);
#2492 = LINE('',#2493,#2494);
#2493 = CARTESIAN_POINT('',(3.81,5.08,-3.048));
#2494 = VECTOR('',#2495,1.);
#2495 = DIRECTION('',(-0.,-1.,-0.));
#2496 = ORIENTED_EDGE('',*,*,#1061,.T.);
#2497 = ORIENTED_EDGE('',*,*,#2498,.T.);
#2498 = EDGE_CURVE('',#1064,#2484,#2499,.T.);
#2499 = LINE('',#2500,#2501);
#2500 = CARTESIAN_POINT('',(62.738,5.08,-3.048));
#2501 = VECTOR('',#2502,1.);
#2502 = DIRECTION('',(-0.,-1.,-0.));
#2503 = PLANE('',#2504);
#2504 = AXIS2_PLACEMENT_3D('',#2505,#2506,#2507);
#2505 = CARTESIAN_POINT('',(3.81,5.08,-3.048));
#2506 = DIRECTION('',(1.E-17,0.,-1.));
#2507 = DIRECTION('',(-1.,0.,-1.E-17));
#2508 = ADVANCED_FACE('',(#2509),#2528,.F.);
#2509 = FACE_BOUND('',#2510,.F.);
#2510 = EDGE_LOOP('',(#2511,#2512,#2513,#2521));
#2511 = ORIENTED_EDGE('',*,*,#2491,.F.);
#2512 = ORIENTED_EDGE('',*,*,#1071,.F.);
#2513 = ORIENTED_EDGE('',*,*,#2514,.T.);
#2514 = EDGE_CURVE('',#1072,#2515,#2517,.T.);
#2515 = VERTEX_POINT('',#2516);
#2516 = CARTESIAN_POINT('',(3.048,2.54,-3.81));
#2517 = LINE('',#2518,#2519);
#2518 = CARTESIAN_POINT('',(3.048,5.08,-3.81));
#2519 = VECTOR('',#2520,1.);
#2520 = DIRECTION('',(-0.,-1.,-0.));
#2521 = ORIENTED_EDGE('',*,*,#2522,.T.);
#2522 = EDGE_CURVE('',#2515,#2482,#2523,.T.);
#2523 = CIRCLE('',#2524,0.762);
#2524 = AXIS2_PLACEMENT_3D('',#2525,#2526,#2527);
#2525 = CARTESIAN_POINT('',(3.81,2.54,-3.81));
#2526 = DIRECTION('',(-0.,1.,0.));
#2527 = DIRECTION('',(1.,0.,0.));
#2528 = CYLINDRICAL_SURFACE('',#2529,0.762);
#2529 = AXIS2_PLACEMENT_3D('',#2530,#2531,#2532);
#2530 = CARTESIAN_POINT('',(3.81,5.08,-3.81));
#2531 = DIRECTION('',(-0.,-1.,-0.));
#2532 = DIRECTION('',(0.,0.,-1.));
#2533 = ADVANCED_FACE('',(#2534),#2552,.T.);
#2534 = FACE_BOUND('',#2535,.T.);
#2535 = EDGE_LOOP('',(#2536,#2544,#2550,#2551));
#2536 = ORIENTED_EDGE('',*,*,#2537,.F.);
#2537 = EDGE_CURVE('',#2538,#2515,#2540,.T.);
#2538 = VERTEX_POINT('',#2539);
#2539 = CARTESIAN_POINT('',(3.048,2.54,-108.3945));
#2540 = LINE('',#2541,#2542);
#2541 = CARTESIAN_POINT('',(3.048,2.54,-108.3945));
#2542 = VECTOR('',#2543,1.);
#2543 = DIRECTION('',(1.2E-16,0.,1.));
#2544 = ORIENTED_EDGE('',*,*,#2545,.F.);
#2545 = EDGE_CURVE('',#1081,#2538,#2546,.T.);
#2546 = LINE('',#2547,#2548);
#2547 = CARTESIAN_POINT('',(3.048,5.08,-108.3945));
#2548 = VECTOR('',#2549,1.);
#2549 = DIRECTION('',(-0.,-1.,-0.));
#2550 = ORIENTED_EDGE('',*,*,#1080,.T.);
#2551 = ORIENTED_EDGE('',*,*,#2514,.T.);
#2552 = PLANE('',#2553);
#2553 = AXIS2_PLACEMENT_3D('',#2554,#2555,#2556);
#2554 = CARTESIAN_POINT('',(3.048,5.08,-108.3945));
#2555 = DIRECTION('',(1.,0.,-1.2E-16));
#2556 = DIRECTION('',(-1.2E-16,0.,-1.));
#2557 = ADVANCED_FACE('',(#2558),#2577,.F.);
#2558 = FACE_BOUND('',#2559,.F.);
#2559 = EDGE_LOOP('',(#2560,#2561,#2562,#2570));
#2560 = ORIENTED_EDGE('',*,*,#2545,.F.);
#2561 = ORIENTED_EDGE('',*,*,#1088,.F.);
#2562 = ORIENTED_EDGE('',*,*,#2563,.T.);
#2563 = EDGE_CURVE('',#1089,#2564,#2566,.T.);
#2564 = VERTEX_POINT('',#2565);
#2565 = CARTESIAN_POINT('',(3.81,2.54,-109.1565));
#2566 = LINE('',#2567,#2568);
#2567 = CARTESIAN_POINT('',(3.81,5.08,-109.1565));
#2568 = VECTOR('',#2569,1.);
#2569 = DIRECTION('',(-0.,-1.,-0.));
#2570 = ORIENTED_EDGE('',*,*,#2571,.T.);
#2571 = EDGE_CURVE('',#2564,#2538,#2572,.T.);
#2572 = CIRCLE('',#2573,0.762);
#2573 = AXIS2_PLACEMENT_3D('',#2574,#2575,#2576);
#2574 = CARTESIAN_POINT('',(3.81,2.54,-108.3945));
#2575 = DIRECTION('',(-0.,1.,0.));
#2576 = DIRECTION('',(1.,0.,0.));
#2577 = CYLINDRICAL_SURFACE('',#2578,0.762);
#2578 = AXIS2_PLACEMENT_3D('',#2579,#2580,#2581);
#2579 = CARTESIAN_POINT('',(3.81,5.08,-108.3945));
#2580 = DIRECTION('',(-0.,-1.,-0.));
#2581 = DIRECTION('',(0.,0.,-1.));
#2582 = ADVANCED_FACE('',(#2583),#2601,.T.);
#2583 = FACE_BOUND('',#2584,.T.);
#2584 = EDGE_LOOP('',(#2585,#2593,#2599,#2600));
#2585 = ORIENTED_EDGE('',*,*,#2586,.F.);
#2586 = EDGE_CURVE('',#2587,#2564,#2589,.T.);
#2587 = VERTEX_POINT('',#2588);
#2588 = CARTESIAN_POINT('',(62.738,2.54,-109.1565));
#2589 = LINE('',#2590,#2591);
#2590 = CARTESIAN_POINT('',(3.81,2.54,-109.1565));
#2591 = VECTOR('',#2592,1.);
#2592 = DIRECTION('',(-1.,0.,0.));
#2593 = ORIENTED_EDGE('',*,*,#2594,.F.);
#2594 = EDGE_CURVE('',#1098,#2587,#2595,.T.);
#2595 = LINE('',#2596,#2597);
#2596 = CARTESIAN_POINT('',(62.738,5.08,-109.1565));
#2597 = VECTOR('',#2598,1.);
#2598 = DIRECTION('',(-0.,-1.,-0.));
#2599 = ORIENTED_EDGE('',*,*,#1097,.T.);
#2600 = ORIENTED_EDGE('',*,*,#2563,.T.);
#2601 = PLANE('',#2602);
#2602 = AXIS2_PLACEMENT_3D('',#2603,#2604,#2605);
#2603 = CARTESIAN_POINT('',(3.81,5.08,-109.1565));
#2604 = DIRECTION('',(0.,0.,1.));
#2605 = DIRECTION('',(1.,0.,0.));
#2606 = ADVANCED_FACE('',(#2607),#2626,.F.);
#2607 = FACE_BOUND('',#2608,.F.);
#2608 = EDGE_LOOP('',(#2609,#2610,#2611,#2619));
#2609 = ORIENTED_EDGE('',*,*,#2594,.F.);
#2610 = ORIENTED_EDGE('',*,*,#1105,.F.);
#2611 = ORIENTED_EDGE('',*,*,#2612,.T.);
#2612 = EDGE_CURVE('',#1106,#2613,#2615,.T.);
#2613 = VERTEX_POINT('',#2614);
#2614 = CARTESIAN_POINT('',(63.5,2.54,-108.3945));
#2615 = LINE('',#2616,#2617);
#2616 = CARTESIAN_POINT('',(63.5,5.08,-108.3945));
#2617 = VECTOR('',#2618,1.);
#2618 = DIRECTION('',(-0.,-1.,-0.));
#2619 = ORIENTED_EDGE('',*,*,#2620,.T.);
#2620 = EDGE_CURVE('',#2613,#2587,#2621,.T.);
#2621 = CIRCLE('',#2622,0.762);
#2622 = AXIS2_PLACEMENT_3D('',#2623,#2624,#2625);
#2623 = CARTESIAN_POINT('',(62.738,2.54,-108.3945));
#2624 = DIRECTION('',(-0.,1.,0.));
#2625 = DIRECTION('',(1.,0.,0.));
#2626 = CYLINDRICAL_SURFACE('',#2627,0.762);
#2627 = AXIS2_PLACEMENT_3D('',#2628,#2629,#2630);
#2628 = CARTESIAN_POINT('',(62.738,5.08,-108.3945));
#2629 = DIRECTION('',(-0.,-1.,-0.));
#2630 = DIRECTION('',(0.,0.,-1.));
#2631 = ADVANCED_FACE('',(#2632),#2650,.T.);
#2632 = FACE_BOUND('',#2633,.T.);
#2633 = EDGE_LOOP('',(#2634,#2642,#2648,#2649));
#2634 = ORIENTED_EDGE('',*,*,#2635,.F.);
#2635 = EDGE_CURVE('',#2636,#2613,#2638,.T.);
#2636 = VERTEX_POINT('',#2637);
#2637 = CARTESIAN_POINT('',(63.5,2.54,-3.81));
#2638 = LINE('',#2639,#2640);
#2639 = CARTESIAN_POINT('',(63.5,2.54,-108.3945));
#2640 = VECTOR('',#2641,1.);
#2641 = DIRECTION('',(-1.3E-16,0.,-1.));
#2642 = ORIENTED_EDGE('',*,*,#2643,.F.);
#2643 = EDGE_CURVE('',#1115,#2636,#2644,.T.);
#2644 = LINE('',#2645,#2646);
#2645 = CARTESIAN_POINT('',(63.5,5.08,-3.81));
#2646 = VECTOR('',#2647,1.);
#2647 = DIRECTION('',(-0.,-1.,-0.));
#2648 = ORIENTED_EDGE('',*,*,#1114,.T.);
#2649 = ORIENTED_EDGE('',*,*,#2612,.T.);
#2650 = PLANE('',#2651);
#2651 = AXIS2_PLACEMENT_3D('',#2652,#2653,#2654);
#2652 = CARTESIAN_POINT('',(63.5,5.08,-108.3945));
#2653 = DIRECTION('',(-1.,0.,1.3E-16));
#2654 = DIRECTION('',(1.3E-16,0.,1.));
#2655 = ADVANCED_FACE('',(#2656),#2668,.F.);
#2656 = FACE_BOUND('',#2657,.F.);
#2657 = EDGE_LOOP('',(#2658,#2659,#2660,#2661));
#2658 = ORIENTED_EDGE('',*,*,#2643,.F.);
#2659 = ORIENTED_EDGE('',*,*,#1122,.F.);
#2660 = ORIENTED_EDGE('',*,*,#2498,.T.);
#2661 = ORIENTED_EDGE('',*,*,#2662,.T.);
#2662 = EDGE_CURVE('',#2484,#2636,#2663,.T.);
#2663 = CIRCLE('',#2664,0.762);
#2664 = AXIS2_PLACEMENT_3D('',#2665,#2666,#2667);
#2665 = CARTESIAN_POINT('',(62.738,2.54,-3.81));
#2666 = DIRECTION('',(-0.,1.,0.));
#2667 = DIRECTION('',(1.,0.,0.));
#2668 = CYLINDRICAL_SURFACE('',#2669,0.762);
#2669 = AXIS2_PLACEMENT_3D('',#2670,#2671,#2672);
#2670 = CARTESIAN_POINT('',(62.738,5.08,-3.81));
#2671 = DIRECTION('',(-0.,-1.,-0.));
#2672 = DIRECTION('',(0.,0.,-1.));
#2673 = ADVANCED_FACE('',(#2674,#2684,#2690,#2696,#2702,#2708,#2714,
    #2720,#2726,#2732,#2738,#2744,#2750,#2756,#2762),#2768,.T.);
#2674 = FACE_BOUND('',#2675,.T.);
#2675 = EDGE_LOOP('',(#2676,#2677,#2678,#2679,#2680,#2681,#2682,#2683));
#2676 = ORIENTED_EDGE('',*,*,#2522,.T.);
#2677 = ORIENTED_EDGE('',*,*,#2481,.T.);
#2678 = ORIENTED_EDGE('',*,*,#2662,.T.);
#2679 = ORIENTED_EDGE('',*,*,#2635,.T.);
#2680 = ORIENTED_EDGE('',*,*,#2620,.T.);
#2681 = ORIENTED_EDGE('',*,*,#2586,.T.);
#2682 = ORIENTED_EDGE('',*,*,#2571,.T.);
#2683 = ORIENTED_EDGE('',*,*,#2537,.T.);
#2684 = FACE_BOUND('',#2685,.T.);
#2685 = EDGE_LOOP('',(#2686,#2687,#2688,#2689));
#2686 = ORIENTED_EDGE('',*,*,#1218,.F.);
#2687 = ORIENTED_EDGE('',*,*,#1201,.F.);
#2688 = ORIENTED_EDGE('',*,*,#1177,.F.);
#2689 = ORIENTED_EDGE('',*,*,#1146,.F.);
#2690 = FACE_BOUND('',#2691,.T.);
#2691 = EDGE_LOOP('',(#2692,#2693,#2694,#2695));
#2692 = ORIENTED_EDGE('',*,*,#1314,.F.);
#2693 = ORIENTED_EDGE('',*,*,#1297,.F.);
#2694 = ORIENTED_EDGE('',*,*,#1273,.F.);
#2695 = ORIENTED_EDGE('',*,*,#1242,.F.);
#2696 = FACE_BOUND('',#2697,.T.);
#2697 = EDGE_LOOP('',(#2698,#2699,#2700,#2701));
#2698 = ORIENTED_EDGE('',*,*,#1384,.F.);
#2699 = ORIENTED_EDGE('',*,*,#1329,.F.);
#2700 = ORIENTED_EDGE('',*,*,#1360,.F.);
#2701 = ORIENTED_EDGE('',*,*,#1408,.F.);
#2702 = FACE_BOUND('',#2703,.T.);
#2703 = EDGE_LOOP('',(#2704,#2705,#2706,#2707));
#2704 = ORIENTED_EDGE('',*,*,#1480,.F.);
#2705 = ORIENTED_EDGE('',*,*,#1425,.F.);
#2706 = ORIENTED_EDGE('',*,*,#1456,.F.);
#2707 = ORIENTED_EDGE('',*,*,#1504,.F.);
#2708 = FACE_BOUND('',#2709,.T.);
#2709 = EDGE_LOOP('',(#2710,#2711,#2712,#2713));
#2710 = ORIENTED_EDGE('',*,*,#1576,.F.);
#2711 = ORIENTED_EDGE('',*,*,#1521,.F.);
#2712 = ORIENTED_EDGE('',*,*,#1552,.F.);
#2713 = ORIENTED_EDGE('',*,*,#1600,.F.);
#2714 = FACE_BOUND('',#2715,.T.);
#2715 = EDGE_LOOP('',(#2716,#2717,#2718,#2719));
#2716 = ORIENTED_EDGE('',*,*,#1672,.F.);
#2717 = ORIENTED_EDGE('',*,*,#1617,.F.);
#2718 = ORIENTED_EDGE('',*,*,#1648,.F.);
#2719 = ORIENTED_EDGE('',*,*,#1696,.F.);
#2720 = FACE_BOUND('',#2721,.T.);
#2721 = EDGE_LOOP('',(#2722,#2723,#2724,#2725));
#2722 = ORIENTED_EDGE('',*,*,#1768,.F.);
#2723 = ORIENTED_EDGE('',*,*,#1713,.F.);
#2724 = ORIENTED_EDGE('',*,*,#1744,.F.);
#2725 = ORIENTED_EDGE('',*,*,#1792,.F.);
#2726 = FACE_BOUND('',#2727,.T.);
#2727 = EDGE_LOOP('',(#2728,#2729,#2730,#2731));
#2728 = ORIENTED_EDGE('',*,*,#1890,.F.);
#2729 = ORIENTED_EDGE('',*,*,#1873,.F.);
#2730 = ORIENTED_EDGE('',*,*,#1849,.F.);
#2731 = ORIENTED_EDGE('',*,*,#1818,.F.);
#2732 = FACE_BOUND('',#2733,.T.);
#2733 = EDGE_LOOP('',(#2734,#2735,#2736,#2737));
#2734 = ORIENTED_EDGE('',*,*,#1986,.F.);
#2735 = ORIENTED_EDGE('',*,*,#1969,.F.);
#2736 = ORIENTED_EDGE('',*,*,#1945,.F.);
#2737 = ORIENTED_EDGE('',*,*,#1914,.F.);
#2738 = FACE_BOUND('',#2739,.T.);
#2739 = EDGE_LOOP('',(#2740,#2741,#2742,#2743));
#2740 = ORIENTED_EDGE('',*,*,#2056,.F.);
#2741 = ORIENTED_EDGE('',*,*,#2001,.F.);
#2742 = ORIENTED_EDGE('',*,*,#2032,.F.);
#2743 = ORIENTED_EDGE('',*,*,#2080,.F.);
#2744 = FACE_BOUND('',#2745,.T.);
#2745 = EDGE_LOOP('',(#2746,#2747,#2748,#2749));
#2746 = ORIENTED_EDGE('',*,*,#2152,.F.);
#2747 = ORIENTED_EDGE('',*,*,#2097,.F.);
#2748 = ORIENTED_EDGE('',*,*,#2128,.F.);
#2749 = ORIENTED_EDGE('',*,*,#2176,.F.);
#2750 = FACE_BOUND('',#2751,.T.);
#2751 = EDGE_LOOP('',(#2752,#2753,#2754,#2755));
#2752 = ORIENTED_EDGE('',*,*,#2248,.F.);
#2753 = ORIENTED_EDGE('',*,*,#2193,.F.);
#2754 = ORIENTED_EDGE('',*,*,#2224,.F.);
#2755 = ORIENTED_EDGE('',*,*,#2272,.F.);
#2756 = FACE_BOUND('',#2757,.T.);
#2757 = EDGE_LOOP('',(#2758,#2759,#2760,#2761));
#2758 = ORIENTED_EDGE('',*,*,#2344,.F.);
#2759 = ORIENTED_EDGE('',*,*,#2289,.F.);
#2760 = ORIENTED_EDGE('',*,*,#2320,.F.);
#2761 = ORIENTED_EDGE('',*,*,#2368,.F.);
#2762 = FACE_BOUND('',#2763,.T.);
#2763 = EDGE_LOOP('',(#2764,#2765,#2766,#2767));
#2764 = ORIENTED_EDGE('',*,*,#2440,.F.);
#2765 = ORIENTED_EDGE('',*,*,#2385,.F.);
#2766 = ORIENTED_EDGE('',*,*,#2416,.F.);
#2767 = ORIENTED_EDGE('',*,*,#2464,.F.);
#2768 = PLANE('',#2769);
#2769 = AXIS2_PLACEMENT_3D('',#2770,#2771,#2772);
#2770 = CARTESIAN_POINT('',(64.262,2.54,-2.286));
#2771 = DIRECTION('',(0.,1.,0.));
#2772 = DIRECTION('',(0.,0.,1.));
#2773 = ( GEOMETRIC_REPRESENTATION_CONTEXT(3) 
GLOBAL_UNCERTAINTY_ASSIGNED_CONTEXT((#2777)) 
GLOBAL_UNIT_ASSIGNED_CONTEXT((#2774,#2775,#2776)) REPRESENTATION_CONTEXT
('Context #1','3D Context with UNIT and UNCERTAINTY') );
#2774 = ( LENGTH_UNIT() NAMED_UNIT(*) SI_UNIT(.MILLI.,.METRE.) );
#2775 = ( NAMED_UNIT(*) PLANE_ANGLE_UNIT() SI_UNIT($,.RADIAN.) );
#2776 = ( NAMED_UNIT(*) SI_UNIT($,.STERADIAN.) SOLID_ANGLE_UNIT() );
#2777 = UNCERTAINTY_MEASURE_WITH_UNIT(LENGTH_MEASURE(1.E-05),#2774,
  'distance_accuracy_value','confusion accuracy');
#2778 = PRODUCT_RELATED_PRODUCT_CATEGORY('part',$,(#7));
#2779 = MECHANICAL_DESIGN_GEOMETRIC_PRESENTATION_REPRESENTATION('',(
    #2780),#2773);
#2780 = STYLED_ITEM('color',(#2781),#15);
#2781 = PRESENTATION_STYLE_ASSIGNMENT((#2782,#2788));
#2782 = SURFACE_STYLE_USAGE(.BOTH.,#2783);
#2783 = SURFACE_SIDE_STYLE('',(#2784));
#2784 = SURFACE_STYLE_FILL_AREA(#2785);
#2785 = FILL_AREA_STYLE('',(#2786));
#2786 = FILL_AREA_STYLE_COLOUR('',#2787);
#2787 = COLOUR_RGB('',0.678431390124,0.709803936702,0.741176476869);
#2788 = CURVE_STYLE('',#2789,POSITIVE_LENGTH_MEASURE(0.1),#2790);
#2789 = DRAUGHTING_PRE_DEFINED_CURVE_FONT('continuous');
#2790 = COLOUR_RGB('',9.803921802644E-02,9.803921802644E-02,
  9.803921802644E-02);
ENDSEC;
END-ISO-10303-21;
