ISO-10303-21;
HEADER;
FILE_DESCRIPTION (( 'STEP AP214' ),
    '1' );
FILE_NAME ('2004699A-000.STEP',
    '2026-08-21T09:14:28',
    ( '' ),
    ( '' ),
    'Open CASCADE STEP processor 7.8',
    'FreeCAD',
    'Unknown');
FILE_SCHEMA (( 'AUTOMOTIVE_DESIGN' ));
ENDSEC;
DATA;
#1 = APPLICATION_PROTOCOL_DEFINITION('international standard',
  'automotive_design',2000,#2);
#2 = APPLICATION_CONTEXT(
  'core data for automotive mechanical design processes');
#3 = SHAPE_DEFINITION_REPRESENTATION(#4,#10);
#4 = PRODUCT_DEFINITION_SHAPE('','',#5);
#5 = PRODUCT_DEFINITION('design','',#6,#9);
#6 = PRODUCT_DEFINITION_FORMATION('','',#7);
#7 = PRODUCT('Body','Body','',(#8));
#8 = PRODUCT_CONTEXT('',#2,'mechanical');
#9 = PRODUCT_DEFINITION_CONTEXT('part definition',#2,'design');
#10 = ADVANCED_BREP_SHAPE_REPRESENTATION('',(#11,#15),#3304);
#11 = AXIS2_PLACEMENT_3D('',#12,#13,#14);
#12 = CARTESIAN_POINT('',(0.,0.,0.));
#13 = DIRECTION('',(0.,0.,1.));
#14 = DIRECTION('',(1.,0.,-0.));
#15 = MANIFOLD_SOLID_BREP('',#16);
#16 = CLOSED_SHELL('',(#17,#58,#91,#115,#268,#293,#456,#473,#490,#585,
    #627,#669,#753,#837,#879,#921,#1002,#1024,#1041,#1058,#1070,#1094,
    #1119,#1144,#1162,#1179,#1196,#1208,#1274,#1387,#1411,#1461,#1520,
    #1544,#1657,#1700,#1724,#1766,#1791,#1830,#1847,#1889,#1914,#1953,
    #1972,#2018,#2036,#2084,#2102,#2119,#2152,#2329,#2369,#2394,#2416,
    #2447,#2459,#2489,#2513,#2546,#2570,#2590,#2615,#2634,#2676,#2718,
    #2743,#2782,#2799,#2841,#2858,#2897,#2934,#2973,#3012,#3049,#3088,
    #3118,#3130,#3142,#3160,#3178,#3196,#3214,#3232,#3250,#3280,#3292));
#17 = ADVANCED_FACE('',(#18),#53,.F.);
#18 = FACE_BOUND('',#19,.F.);
#19 = EDGE_LOOP('',(#20,#31,#39,#47));
#20 = ORIENTED_EDGE('',*,*,#21,.T.);
#21 = EDGE_CURVE('',#22,#24,#26,.T.);
#22 = VERTEX_POINT('',#23);
#23 = CARTESIAN_POINT('',(73.2028,17.036,78.402388516881));
#24 = VERTEX_POINT('',#25);
#25 = CARTESIAN_POINT('',(73.2028,17.0434,78.1812));
#26 = HYPERBOLA('',#27,3.302,3.302);
#27 = AXIS2_PLACEMENT_3D('',#28,#29,#30);
#28 = CARTESIAN_POINT('',(73.2028,20.3454,78.1812));
#29 = DIRECTION('',(1.,0.,0.));
#30 = DIRECTION('',(0.,-1.,0.));
#31 = ORIENTED_EDGE('',*,*,#32,.F.);
#32 = EDGE_CURVE('',#33,#24,#35,.T.);
#33 = VERTEX_POINT('',#34);
#34 = CARTESIAN_POINT('',(73.2028,17.0434,108.7506));
#35 = LINE('',#36,#37);
#36 = CARTESIAN_POINT('',(73.2028,17.0434,108.7506));
#37 = VECTOR('',#38,1.);
#38 = DIRECTION('',(0.,-2.22044604925E-16,-1.));
#39 = ORIENTED_EDGE('',*,*,#40,.T.);
#40 = EDGE_CURVE('',#33,#41,#43,.T.);
#41 = VERTEX_POINT('',#42);
#42 = CARTESIAN_POINT('',(73.2028,17.036,108.7506));
#43 = LINE('',#44,#45);
#44 = CARTESIAN_POINT('',(73.2028,17.0434,108.7506));
#45 = VECTOR('',#46,1.);
#46 = DIRECTION('',(0.,-1.,2.22044604925E-16));
#47 = ORIENTED_EDGE('',*,*,#48,.T.);
#48 = EDGE_CURVE('',#41,#22,#49,.T.);
#49 = LINE('',#50,#51);
#50 = CARTESIAN_POINT('',(73.2028,17.036,108.7506));
#51 = VECTOR('',#52,1.);
#52 = DIRECTION('',(0.,0.,-1.));
#53 = PLANE('',#54);
#54 = AXIS2_PLACEMENT_3D('',#55,#56,#57);
#55 = CARTESIAN_POINT('',(73.2028,17.0434,108.7506));
#56 = DIRECTION('',(1.,0.,0.));
#57 = DIRECTION('',(0.,-2.22044604925E-16,-1.));
#58 = ADVANCED_FACE('',(#59),#86,.F.);
#59 = FACE_BOUND('',#60,.F.);
#60 = EDGE_LOOP('',(#61,#72,#78,#79));
#61 = ORIENTED_EDGE('',*,*,#62,.T.);
#62 = EDGE_CURVE('',#63,#65,#67,.T.);
#63 = VERTEX_POINT('',#64);
#64 = CARTESIAN_POINT('',(75.2528,14.986,78.46273926902));
#65 = VERTEX_POINT('',#66);
#66 = CARTESIAN_POINT('',(75.2602,14.986,78.1812));
#67 = CIRCLE('',#68,5.3594);
#68 = AXIS2_PLACEMENT_3D('',#69,#70,#71);
#69 = CARTESIAN_POINT('',(69.9008,14.986,78.1812));
#70 = DIRECTION('',(0.,1.,0.));
#71 = DIRECTION('',(0.,0.,1.));
#72 = ORIENTED_EDGE('',*,*,#73,.F.);
#73 = EDGE_CURVE('',#24,#65,#74,.T.);
#74 = LINE('',#75,#76);
#75 = CARTESIAN_POINT('',(72.7202,17.526,78.1812));
#76 = VECTOR('',#77,1.);
#77 = DIRECTION('',(0.707106781187,-0.707106781187,0.));
#78 = ORIENTED_EDGE('',*,*,#21,.F.);
#79 = ORIENTED_EDGE('',*,*,#80,.T.);
#80 = EDGE_CURVE('',#22,#63,#81,.T.);
#81 = PARABOLA('',#82,2.61629509038E-03);
#82 = AXIS2_PLACEMENT_3D('',#83,#84,#85);
#83 = CARTESIAN_POINT('',(69.8971,20.3417,78.1812));
#84 = DIRECTION('',(-0.707106781187,-0.707106781187,1.652351653762E-18)
  );
#85 = DIRECTION('',(0.707106781187,-0.707106781187,-1.652351653762E-18)
  );
#86 = CONICAL_SURFACE('',#87,5.3594,0.785398163397);
#87 = AXIS2_PLACEMENT_3D('',#88,#89,#90);
#88 = CARTESIAN_POINT('',(69.9008,14.986,78.1812));
#89 = DIRECTION('',(-0.,-1.,-0.));
#90 = DIRECTION('',(0.,0.,-1.));
#91 = ADVANCED_FACE('',(#92),#110,.T.);
#92 = FACE_BOUND('',#93,.T.);
#93 = EDGE_LOOP('',(#94,#102,#103,#104));
#94 = ORIENTED_EDGE('',*,*,#95,.F.);
#95 = EDGE_CURVE('',#41,#96,#98,.T.);
#96 = VERTEX_POINT('',#97);
#97 = CARTESIAN_POINT('',(75.2528,14.986,108.7506));
#98 = LINE('',#99,#100);
#99 = CARTESIAN_POINT('',(73.2028,17.036,108.7506));
#100 = VECTOR('',#101,1.);
#101 = DIRECTION('',(0.707106781187,-0.707106781187,1.299371769759E-15)
  );
#102 = ORIENTED_EDGE('',*,*,#48,.T.);
#103 = ORIENTED_EDGE('',*,*,#80,.T.);
#104 = ORIENTED_EDGE('',*,*,#105,.F.);
#105 = EDGE_CURVE('',#96,#63,#106,.T.);
#106 = LINE('',#107,#108);
#107 = CARTESIAN_POINT('',(75.2528,14.986,108.7506));
#108 = VECTOR('',#109,1.);
#109 = DIRECTION('',(0.,0.,-1.));
#110 = PLANE('',#111);
#111 = AXIS2_PLACEMENT_3D('',#112,#113,#114);
#112 = CARTESIAN_POINT('',(74.2278,16.011,108.7506));
#113 = DIRECTION('',(-0.707106781187,-0.707106781187,1.652351653762E-18)
  );
#114 = DIRECTION('',(-1.16838905928E-18,-1.16838905928E-18,-1.));
#115 = ADVANCED_FACE('',(#116,#186),#263,.F.);
#116 = FACE_BOUND('',#117,.F.);
#117 = EDGE_LOOP('',(#118,#128,#137,#145,#154,#162,#171,#179));
#118 = ORIENTED_EDGE('',*,*,#119,.T.);
#119 = EDGE_CURVE('',#120,#122,#124,.T.);
#120 = VERTEX_POINT('',#121);
#121 = CARTESIAN_POINT('',(6.985,17.0434,111.7346));
#122 = VERTEX_POINT('',#123);
#123 = CARTESIAN_POINT('',(6.985,17.0434,4.318));
#124 = LINE('',#125,#126);
#125 = CARTESIAN_POINT('',(6.985,17.0434,116.0526));
#126 = VECTOR('',#127,1.);
#127 = DIRECTION('',(-0.,-0.,-1.));
#128 = ORIENTED_EDGE('',*,*,#129,.F.);
#129 = EDGE_CURVE('',#130,#122,#132,.T.);
#130 = VERTEX_POINT('',#131);
#131 = CARTESIAN_POINT('',(11.303,17.0434,0.));
#132 = CIRCLE('',#133,4.318);
#133 = AXIS2_PLACEMENT_3D('',#134,#135,#136);
#134 = CARTESIAN_POINT('',(11.303,17.0434,4.318));
#135 = DIRECTION('',(-0.,1.,0.));
#136 = DIRECTION('',(0.,0.,-1.));
#137 = ORIENTED_EDGE('',*,*,#138,.F.);
#138 = EDGE_CURVE('',#139,#130,#141,.T.);
#139 = VERTEX_POINT('',#140);
#140 = CARTESIAN_POINT('',(72.898,17.0434,0.));
#141 = LINE('',#142,#143);
#142 = CARTESIAN_POINT('',(6.985,17.0434,0.));
#143 = VECTOR('',#144,1.);
#144 = DIRECTION('',(-1.,-0.,-0.));
#145 = ORIENTED_EDGE('',*,*,#146,.F.);
#146 = EDGE_CURVE('',#147,#139,#149,.T.);
#147 = VERTEX_POINT('',#148);
#148 = CARTESIAN_POINT('',(77.216,17.0434,4.318));
#149 = CIRCLE('',#150,4.318);
#150 = AXIS2_PLACEMENT_3D('',#151,#152,#153);
#151 = CARTESIAN_POINT('',(72.898,17.0434,4.318));
#152 = DIRECTION('',(-0.,1.,0.));
#153 = DIRECTION('',(0.,0.,-1.));
#154 = ORIENTED_EDGE('',*,*,#155,.F.);
#155 = EDGE_CURVE('',#156,#147,#158,.T.);
#156 = VERTEX_POINT('',#157);
#157 = CARTESIAN_POINT('',(77.216,17.0434,111.7346));
#158 = LINE('',#159,#160);
#159 = CARTESIAN_POINT('',(77.216,17.0434,116.0526));
#160 = VECTOR('',#161,1.);
#161 = DIRECTION('',(-0.,-0.,-1.));
#162 = ORIENTED_EDGE('',*,*,#163,.F.);
#163 = EDGE_CURVE('',#164,#156,#166,.T.);
#164 = VERTEX_POINT('',#165);
#165 = CARTESIAN_POINT('',(72.898,17.0434,116.0526));
#166 = CIRCLE('',#167,4.318);
#167 = AXIS2_PLACEMENT_3D('',#168,#169,#170);
#168 = CARTESIAN_POINT('',(72.898,17.0434,111.7346));
#169 = DIRECTION('',(-0.,1.,0.));
#170 = DIRECTION('',(0.,0.,-1.));
#171 = ORIENTED_EDGE('',*,*,#172,.T.);
#172 = EDGE_CURVE('',#164,#173,#175,.T.);
#173 = VERTEX_POINT('',#174);
#174 = CARTESIAN_POINT('',(11.303,17.0434,116.0526));
#175 = LINE('',#176,#177);
#176 = CARTESIAN_POINT('',(6.985,17.0434,116.0526));
#177 = VECTOR('',#178,1.);
#178 = DIRECTION('',(-1.,-0.,-0.));
#179 = ORIENTED_EDGE('',*,*,#180,.F.);
#180 = EDGE_CURVE('',#120,#173,#181,.T.);
#181 = CIRCLE('',#182,4.318);
#182 = AXIS2_PLACEMENT_3D('',#183,#184,#185);
#183 = CARTESIAN_POINT('',(11.303,17.0434,111.7346));
#184 = DIRECTION('',(-0.,1.,0.));
#185 = DIRECTION('',(0.,0.,-1.));
#186 = FACE_BOUND('',#187,.F.);
#187 = EDGE_LOOP('',(#188,#198,#206,#215,#223,#230,#231,#239,#248,#256)
  );
#188 = ORIENTED_EDGE('',*,*,#189,.F.);
#189 = EDGE_CURVE('',#190,#192,#194,.T.);
#190 = VERTEX_POINT('',#191);
#191 = CARTESIAN_POINT('',(10.9728,17.0434,78.1812));
#192 = VERTEX_POINT('',#193);
#193 = CARTESIAN_POINT('',(10.9728,17.0434,7.4422));
#194 = LINE('',#195,#196);
#195 = CARTESIAN_POINT('',(10.9728,17.0434,4.318));
#196 = VECTOR('',#197,1.);
#197 = DIRECTION('',(-1.226143623727E-16,-0.,-1.));
#198 = ORIENTED_EDGE('',*,*,#199,.T.);
#199 = EDGE_CURVE('',#190,#200,#202,.T.);
#200 = VERTEX_POINT('',#201);
#201 = CARTESIAN_POINT('',(10.9728,17.0434,108.7506));
#202 = LINE('',#203,#204);
#203 = CARTESIAN_POINT('',(10.9728,17.0434,78.1812));
#204 = VECTOR('',#205,1.);
#205 = DIRECTION('',(0.,2.22044604925E-16,1.));
#206 = ORIENTED_EDGE('',*,*,#207,.T.);
#207 = EDGE_CURVE('',#200,#208,#210,.T.);
#208 = VERTEX_POINT('',#209);
#209 = CARTESIAN_POINT('',(14.2748,17.0434,112.0526));
#210 = CIRCLE('',#211,3.302);
#211 = AXIS2_PLACEMENT_3D('',#212,#213,#214);
#212 = CARTESIAN_POINT('',(14.2748,17.0434,108.7506));
#213 = DIRECTION('',(0.,1.,-2.22044604925E-16));
#214 = DIRECTION('',(-1.,0.,0.));
#215 = ORIENTED_EDGE('',*,*,#216,.T.);
#216 = EDGE_CURVE('',#208,#217,#219,.T.);
#217 = VERTEX_POINT('',#218);
#218 = CARTESIAN_POINT('',(69.9008,17.0434,112.0526));
#219 = LINE('',#220,#221);
#220 = CARTESIAN_POINT('',(14.2748,17.0434,112.0526));
#221 = VECTOR('',#222,1.);
#222 = DIRECTION('',(1.,0.,0.));
#223 = ORIENTED_EDGE('',*,*,#224,.T.);
#224 = EDGE_CURVE('',#217,#33,#225,.T.);
#225 = CIRCLE('',#226,3.302);
#226 = AXIS2_PLACEMENT_3D('',#227,#228,#229);
#227 = CARTESIAN_POINT('',(69.9008,17.0434,108.7506));
#228 = DIRECTION('',(0.,1.,-2.22044604925E-16));
#229 = DIRECTION('',(-1.,0.,0.));
#230 = ORIENTED_EDGE('',*,*,#32,.T.);
#231 = ORIENTED_EDGE('',*,*,#232,.F.);
#232 = EDGE_CURVE('',#233,#24,#235,.T.);
#233 = VERTEX_POINT('',#234);
#234 = CARTESIAN_POINT('',(73.2028,17.0434,7.4422));
#235 = LINE('',#236,#237);
#236 = CARTESIAN_POINT('',(73.2028,17.0434,4.318));
#237 = VECTOR('',#238,1.);
#238 = DIRECTION('',(0.,0.,1.));
#239 = ORIENTED_EDGE('',*,*,#240,.F.);
#240 = EDGE_CURVE('',#241,#233,#243,.T.);
#241 = VERTEX_POINT('',#242);
#242 = CARTESIAN_POINT('',(69.9008,17.0434,4.1402));
#243 = CIRCLE('',#244,3.302);
#244 = AXIS2_PLACEMENT_3D('',#245,#246,#247);
#245 = CARTESIAN_POINT('',(69.9008,17.0434,7.4422));
#246 = DIRECTION('',(0.,-1.,0.));
#247 = DIRECTION('',(0.,0.,-1.));
#248 = ORIENTED_EDGE('',*,*,#249,.F.);
#249 = EDGE_CURVE('',#250,#241,#252,.T.);
#250 = VERTEX_POINT('',#251);
#251 = CARTESIAN_POINT('',(14.2748,17.0434,4.1402));
#252 = LINE('',#253,#254);
#253 = CARTESIAN_POINT('',(11.303,17.0434,4.1402));
#254 = VECTOR('',#255,1.);
#255 = DIRECTION('',(1.,0.,1.559273968986E-17));
#256 = ORIENTED_EDGE('',*,*,#257,.F.);
#257 = EDGE_CURVE('',#192,#250,#258,.T.);
#258 = CIRCLE('',#259,3.302);
#259 = AXIS2_PLACEMENT_3D('',#260,#261,#262);
#260 = CARTESIAN_POINT('',(14.2748,17.0434,7.4422));
#261 = DIRECTION('',(0.,-1.,0.));
#262 = DIRECTION('',(0.,0.,-1.));
#263 = PLANE('',#264);
#264 = AXIS2_PLACEMENT_3D('',#265,#266,#267);
#265 = CARTESIAN_POINT('',(6.985,17.0434,116.0526));
#266 = DIRECTION('',(0.,-1.,0.));
#267 = DIRECTION('',(0.,0.,-1.));
#268 = ADVANCED_FACE('',(#269),#288,.F.);
#269 = FACE_BOUND('',#270,.F.);
#270 = EDGE_LOOP('',(#271,#272,#273,#281));
#271 = ORIENTED_EDGE('',*,*,#40,.F.);
#272 = ORIENTED_EDGE('',*,*,#224,.F.);
#273 = ORIENTED_EDGE('',*,*,#274,.T.);
#274 = EDGE_CURVE('',#217,#275,#277,.T.);
#275 = VERTEX_POINT('',#276);
#276 = CARTESIAN_POINT('',(69.9008,17.036,112.0526));
#277 = LINE('',#278,#279);
#278 = CARTESIAN_POINT('',(69.9008,17.0434,112.0526));
#279 = VECTOR('',#280,1.);
#280 = DIRECTION('',(0.,-1.,2.22044604925E-16));
#281 = ORIENTED_EDGE('',*,*,#282,.T.);
#282 = EDGE_CURVE('',#275,#41,#283,.T.);
#283 = CIRCLE('',#284,3.302);
#284 = AXIS2_PLACEMENT_3D('',#285,#286,#287);
#285 = CARTESIAN_POINT('',(69.9008,17.036,108.7506));
#286 = DIRECTION('',(0.,1.,0.));
#287 = DIRECTION('',(0.,0.,1.));
#288 = CYLINDRICAL_SURFACE('',#289,3.302);
#289 = AXIS2_PLACEMENT_3D('',#290,#291,#292);
#290 = CARTESIAN_POINT('',(69.9008,17.0434,108.7506));
#291 = DIRECTION('',(0.,1.,-2.22044604925E-16));
#292 = DIRECTION('',(-1.,0.,0.));
#293 = ADVANCED_FACE('',(#294,#381),#451,.F.);
#294 = FACE_BOUND('',#295,.F.);
#295 = EDGE_LOOP('',(#296,#307,#315,#324,#332,#341,#347,#348,#349,#358,
    #366,#375));
#296 = ORIENTED_EDGE('',*,*,#297,.F.);
#297 = EDGE_CURVE('',#298,#300,#302,.T.);
#298 = VERTEX_POINT('',#299);
#299 = CARTESIAN_POINT('',(8.9154,14.986,78.1812));
#300 = VERTEX_POINT('',#301);
#301 = CARTESIAN_POINT('',(8.9228,14.986,78.46273926902));
#302 = CIRCLE('',#303,5.3594);
#303 = AXIS2_PLACEMENT_3D('',#304,#305,#306);
#304 = CARTESIAN_POINT('',(14.2748,14.986,78.1812));
#305 = DIRECTION('',(0.,1.,0.));
#306 = DIRECTION('',(0.,0.,1.));
#307 = ORIENTED_EDGE('',*,*,#308,.F.);
#308 = EDGE_CURVE('',#309,#298,#311,.T.);
#309 = VERTEX_POINT('',#310);
#310 = CARTESIAN_POINT('',(8.9154,14.986,7.4422));
#311 = LINE('',#312,#313);
#312 = CARTESIAN_POINT('',(8.9154,14.986,4.318));
#313 = VECTOR('',#314,1.);
#314 = DIRECTION('',(1.226143623727E-16,0.,1.));
#315 = ORIENTED_EDGE('',*,*,#316,.F.);
#316 = EDGE_CURVE('',#317,#309,#319,.T.);
#317 = VERTEX_POINT('',#318);
#318 = CARTESIAN_POINT('',(14.2748,14.986,2.0828));
#319 = CIRCLE('',#320,5.3594);
#320 = AXIS2_PLACEMENT_3D('',#321,#322,#323);
#321 = CARTESIAN_POINT('',(14.2748,14.986,7.4422));
#322 = DIRECTION('',(0.,1.,0.));
#323 = DIRECTION('',(0.,0.,1.));
#324 = ORIENTED_EDGE('',*,*,#325,.F.);
#325 = EDGE_CURVE('',#326,#317,#328,.T.);
#326 = VERTEX_POINT('',#327);
#327 = CARTESIAN_POINT('',(69.9008,14.986,2.0828));
#328 = LINE('',#329,#330);
#329 = CARTESIAN_POINT('',(11.303,14.986,2.0828));
#330 = VECTOR('',#331,1.);
#331 = DIRECTION('',(-1.,0.,-1.559273968986E-17));
#332 = ORIENTED_EDGE('',*,*,#333,.F.);
#333 = EDGE_CURVE('',#334,#326,#336,.T.);
#334 = VERTEX_POINT('',#335);
#335 = CARTESIAN_POINT('',(75.2602,14.986,7.4422));
#336 = CIRCLE('',#337,5.3594);
#337 = AXIS2_PLACEMENT_3D('',#338,#339,#340);
#338 = CARTESIAN_POINT('',(69.9008,14.986,7.4422));
#339 = DIRECTION('',(0.,1.,0.));
#340 = DIRECTION('',(0.,0.,1.));
#341 = ORIENTED_EDGE('',*,*,#342,.F.);
#342 = EDGE_CURVE('',#65,#334,#343,.T.);
#343 = LINE('',#344,#345);
#344 = CARTESIAN_POINT('',(75.2602,14.986,4.318));
#345 = VECTOR('',#346,1.);
#346 = DIRECTION('',(0.,0.,-1.));
#347 = ORIENTED_EDGE('',*,*,#62,.F.);
#348 = ORIENTED_EDGE('',*,*,#105,.F.);
#349 = ORIENTED_EDGE('',*,*,#350,.F.);
#350 = EDGE_CURVE('',#351,#96,#353,.T.);
#351 = VERTEX_POINT('',#352);
#352 = CARTESIAN_POINT('',(69.9008,14.986,114.1026));
#353 = CIRCLE('',#354,5.352);
#354 = AXIS2_PLACEMENT_3D('',#355,#356,#357);
#355 = CARTESIAN_POINT('',(69.9008,14.986,108.7506));
#356 = DIRECTION('',(0.,1.,0.));
#357 = DIRECTION('',(0.,0.,1.));
#358 = ORIENTED_EDGE('',*,*,#359,.F.);
#359 = EDGE_CURVE('',#360,#351,#362,.T.);
#360 = VERTEX_POINT('',#361);
#361 = CARTESIAN_POINT('',(14.2748,14.986,114.1026));
#362 = LINE('',#363,#364);
#363 = CARTESIAN_POINT('',(14.2748,14.986,114.1026));
#364 = VECTOR('',#365,1.);
#365 = DIRECTION('',(1.,0.,0.));
#366 = ORIENTED_EDGE('',*,*,#367,.F.);
#367 = EDGE_CURVE('',#368,#360,#370,.T.);
#368 = VERTEX_POINT('',#369);
#369 = CARTESIAN_POINT('',(8.9228,14.986,108.7506));
#370 = CIRCLE('',#371,5.352);
#371 = AXIS2_PLACEMENT_3D('',#372,#373,#374);
#372 = CARTESIAN_POINT('',(14.2748,14.986,108.7506));
#373 = DIRECTION('',(0.,1.,-0.));
#374 = DIRECTION('',(-1.,0.,4.303711300788E-15));
#375 = ORIENTED_EDGE('',*,*,#376,.F.);
#376 = EDGE_CURVE('',#300,#368,#377,.T.);
#377 = LINE('',#378,#379);
#378 = CARTESIAN_POINT('',(8.9228,14.986,82.402569962465));
#379 = VECTOR('',#380,1.);
#380 = DIRECTION('',(0.,0.,1.));
#381 = FACE_BOUND('',#382,.F.);
#382 = EDGE_LOOP('',(#383,#394,#402,#411,#419,#428,#436,#445));
#383 = ORIENTED_EDGE('',*,*,#384,.F.);
#384 = EDGE_CURVE('',#385,#387,#389,.T.);
#385 = VERTEX_POINT('',#386);
#386 = CARTESIAN_POINT('',(8.128,14.986,4.318));
#387 = VERTEX_POINT('',#388);
#388 = CARTESIAN_POINT('',(11.303,14.986,1.143));
#389 = CIRCLE('',#390,3.175);
#390 = AXIS2_PLACEMENT_3D('',#391,#392,#393);
#391 = CARTESIAN_POINT('',(11.303,14.986,4.318));
#392 = DIRECTION('',(0.,-1.,0.));
#393 = DIRECTION('',(0.,0.,1.));
#394 = ORIENTED_EDGE('',*,*,#395,.F.);
#395 = EDGE_CURVE('',#396,#385,#398,.T.);
#396 = VERTEX_POINT('',#397);
#397 = CARTESIAN_POINT('',(8.128,14.986,111.7346));
#398 = LINE('',#399,#400);
#399 = CARTESIAN_POINT('',(8.128,14.986,111.7346));
#400 = VECTOR('',#401,1.);
#401 = DIRECTION('',(1.29195932545E-16,0.,-1.));
#402 = ORIENTED_EDGE('',*,*,#403,.F.);
#403 = EDGE_CURVE('',#404,#396,#406,.T.);
#404 = VERTEX_POINT('',#405);
#405 = CARTESIAN_POINT('',(11.303,14.986,114.9096));
#406 = CIRCLE('',#407,3.175);
#407 = AXIS2_PLACEMENT_3D('',#408,#409,#410);
#408 = CARTESIAN_POINT('',(11.303,14.986,111.7346));
#409 = DIRECTION('',(0.,-1.,0.));
#410 = DIRECTION('',(0.,0.,-1.));
#411 = ORIENTED_EDGE('',*,*,#412,.F.);
#412 = EDGE_CURVE('',#413,#404,#415,.T.);
#413 = VERTEX_POINT('',#414);
#414 = CARTESIAN_POINT('',(72.898,14.986,114.9096));
#415 = LINE('',#416,#417);
#416 = CARTESIAN_POINT('',(72.898,14.986,114.9096));
#417 = VECTOR('',#418,1.);
#418 = DIRECTION('',(-1.,0.,-2.253070510239E-16));
#419 = ORIENTED_EDGE('',*,*,#420,.F.);
#420 = EDGE_CURVE('',#421,#413,#423,.T.);
#421 = VERTEX_POINT('',#422);
#422 = CARTESIAN_POINT('',(76.073,14.986,111.7346));
#423 = CIRCLE('',#424,3.175);
#424 = AXIS2_PLACEMENT_3D('',#425,#426,#427);
#425 = CARTESIAN_POINT('',(72.898,14.986,111.7346));
#426 = DIRECTION('',(0.,-1.,0.));
#427 = DIRECTION('',(0.,0.,1.));
#428 = ORIENTED_EDGE('',*,*,#429,.F.);
#429 = EDGE_CURVE('',#430,#421,#432,.T.);
#430 = VERTEX_POINT('',#431);
#431 = CARTESIAN_POINT('',(76.073,14.986,4.318));
#432 = LINE('',#433,#434);
#433 = CARTESIAN_POINT('',(76.073,14.986,111.7346));
#434 = VECTOR('',#435,1.);
#435 = DIRECTION('',(-1.29195932545E-16,0.,1.));
#436 = ORIENTED_EDGE('',*,*,#437,.F.);
#437 = EDGE_CURVE('',#438,#430,#440,.T.);
#438 = VERTEX_POINT('',#439);
#439 = CARTESIAN_POINT('',(72.898,14.986,1.143));
#440 = CIRCLE('',#441,3.175);
#441 = AXIS2_PLACEMENT_3D('',#442,#443,#444);
#442 = CARTESIAN_POINT('',(72.898,14.986,4.318));
#443 = DIRECTION('',(0.,-1.,0.));
#444 = DIRECTION('',(0.,0.,1.));
#445 = ORIENTED_EDGE('',*,*,#446,.F.);
#446 = EDGE_CURVE('',#387,#438,#447,.T.);
#447 = LINE('',#448,#449);
#448 = CARTESIAN_POINT('',(72.898,14.986,1.143));
#449 = VECTOR('',#450,1.);
#450 = DIRECTION('',(1.,0.,1.337760615454E-16));
#451 = PLANE('',#452);
#452 = AXIS2_PLACEMENT_3D('',#453,#454,#455);
#453 = CARTESIAN_POINT('',(11.303,14.986,4.318));
#454 = DIRECTION('',(0.,1.,0.));
#455 = DIRECTION('',(0.,0.,1.));
#456 = ADVANCED_FACE('',(#457),#468,.F.);
#457 = FACE_BOUND('',#458,.T.);
#458 = EDGE_LOOP('',(#459,#460,#461,#467));
#459 = ORIENTED_EDGE('',*,*,#73,.F.);
#460 = ORIENTED_EDGE('',*,*,#232,.F.);
#461 = ORIENTED_EDGE('',*,*,#462,.F.);
#462 = EDGE_CURVE('',#334,#233,#463,.T.);
#463 = LINE('',#464,#465);
#464 = CARTESIAN_POINT('',(75.2602,14.986,7.4422));
#465 = VECTOR('',#466,1.);
#466 = DIRECTION('',(-0.707106781187,0.707106781187,0.));
#467 = ORIENTED_EDGE('',*,*,#342,.F.);
#468 = PLANE('',#469);
#469 = AXIS2_PLACEMENT_3D('',#470,#471,#472);
#470 = CARTESIAN_POINT('',(75.2602,14.986,4.318));
#471 = DIRECTION('',(0.707106781187,0.707106781187,0.));
#472 = DIRECTION('',(0.,0.,-1.));
#473 = ADVANCED_FACE('',(#474),#485,.F.);
#474 = FACE_BOUND('',#475,.T.);
#475 = EDGE_LOOP('',(#476,#482,#483,#484));
#476 = ORIENTED_EDGE('',*,*,#477,.F.);
#477 = EDGE_CURVE('',#275,#351,#478,.T.);
#478 = LINE('',#479,#480);
#479 = CARTESIAN_POINT('',(69.9008,16.011,113.0776));
#480 = VECTOR('',#481,1.);
#481 = DIRECTION('',(-1.84833357988E-34,-0.707106781187,0.707106781187)
  );
#482 = ORIENTED_EDGE('',*,*,#282,.T.);
#483 = ORIENTED_EDGE('',*,*,#95,.T.);
#484 = ORIENTED_EDGE('',*,*,#350,.F.);
#485 = CONICAL_SURFACE('',#486,3.302,0.785398163397);
#486 = AXIS2_PLACEMENT_3D('',#487,#488,#489);
#487 = CARTESIAN_POINT('',(69.9008,17.036,108.7506));
#488 = DIRECTION('',(-0.,-1.,-0.));
#489 = DIRECTION('',(0.,0.,1.));
#490 = ADVANCED_FACE('',(#491),#580,.F.);
#491 = FACE_BOUND('',#492,.T.);
#492 = EDGE_LOOP('',(#493,#501,#509,#517,#525,#533,#541,#549,#557,#565,
    #573,#579));
#493 = ORIENTED_EDGE('',*,*,#494,.T.);
#494 = EDGE_CURVE('',#122,#495,#497,.T.);
#495 = VERTEX_POINT('',#496);
#496 = CARTESIAN_POINT('',(6.985,7.62,4.318));
#497 = LINE('',#498,#499);
#498 = CARTESIAN_POINT('',(6.985,2.0955,4.318));
#499 = VECTOR('',#500,1.);
#500 = DIRECTION('',(0.,-1.,0.));
#501 = ORIENTED_EDGE('',*,*,#502,.T.);
#502 = EDGE_CURVE('',#495,#503,#505,.T.);
#503 = VERTEX_POINT('',#504);
#504 = CARTESIAN_POINT('',(6.985,7.62,10.6172));
#505 = LINE('',#506,#507);
#506 = CARTESIAN_POINT('',(6.985,7.62,116.0526));
#507 = VECTOR('',#508,1.);
#508 = DIRECTION('',(0.,0.,1.));
#509 = ORIENTED_EDGE('',*,*,#510,.T.);
#510 = EDGE_CURVE('',#503,#511,#513,.T.);
#511 = VERTEX_POINT('',#512);
#512 = CARTESIAN_POINT('',(6.985,2.8575,10.6172));
#513 = LINE('',#514,#515);
#514 = CARTESIAN_POINT('',(6.985,2.0955,10.6172));
#515 = VECTOR('',#516,1.);
#516 = DIRECTION('',(0.,-1.,-2.616712637609E-16));
#517 = ORIENTED_EDGE('',*,*,#518,.T.);
#518 = EDGE_CURVE('',#511,#519,#521,.T.);
#519 = VERTEX_POINT('',#520);
#520 = CARTESIAN_POINT('',(6.985,2.8575,54.0512));
#521 = LINE('',#522,#523);
#522 = CARTESIAN_POINT('',(6.985,2.8575,111.7346));
#523 = VECTOR('',#524,1.);
#524 = DIRECTION('',(0.,0.,1.));
#525 = ORIENTED_EDGE('',*,*,#526,.T.);
#526 = EDGE_CURVE('',#519,#527,#529,.T.);
#527 = VERTEX_POINT('',#528);
#528 = CARTESIAN_POINT('',(6.985,7.62,54.0512));
#529 = LINE('',#530,#531);
#530 = CARTESIAN_POINT('',(6.985,2.0955,54.0512));
#531 = VECTOR('',#532,1.);
#532 = DIRECTION('',(0.,1.,0.));
#533 = ORIENTED_EDGE('',*,*,#534,.T.);
#534 = EDGE_CURVE('',#527,#535,#537,.T.);
#535 = VERTEX_POINT('',#536);
#536 = CARTESIAN_POINT('',(6.985,7.62,62.1792));
#537 = LINE('',#538,#539);
#538 = CARTESIAN_POINT('',(6.985,7.62,116.0526));
#539 = VECTOR('',#540,1.);
#540 = DIRECTION('',(0.,2.13425624505E-16,1.));
#541 = ORIENTED_EDGE('',*,*,#542,.T.);
#542 = EDGE_CURVE('',#535,#543,#545,.T.);
#543 = VERTEX_POINT('',#544);
#544 = CARTESIAN_POINT('',(6.985,2.8575,62.1792));
#545 = LINE('',#546,#547);
#546 = CARTESIAN_POINT('',(6.985,2.0955,62.1792));
#547 = VECTOR('',#548,1.);
#548 = DIRECTION('',(0.,-1.,0.));
#549 = ORIENTED_EDGE('',*,*,#550,.T.);
#550 = EDGE_CURVE('',#543,#551,#553,.T.);
#551 = VERTEX_POINT('',#552);
#552 = CARTESIAN_POINT('',(6.985,2.8575,105.6132));
#553 = LINE('',#554,#555);
#554 = CARTESIAN_POINT('',(6.985,2.8575,111.7346));
#555 = VECTOR('',#556,1.);
#556 = DIRECTION('',(0.,0.,1.));
#557 = ORIENTED_EDGE('',*,*,#558,.T.);
#558 = EDGE_CURVE('',#551,#559,#561,.T.);
#559 = VERTEX_POINT('',#560);
#560 = CARTESIAN_POINT('',(6.985,7.62,105.6132));
#561 = LINE('',#562,#563);
#562 = CARTESIAN_POINT('',(6.985,2.0955,105.6132));
#563 = VECTOR('',#564,1.);
#564 = DIRECTION('',(0.,1.,0.));
#565 = ORIENTED_EDGE('',*,*,#566,.T.);
#566 = EDGE_CURVE('',#559,#567,#569,.T.);
#567 = VERTEX_POINT('',#568);
#568 = CARTESIAN_POINT('',(6.985,7.62,111.7346));
#569 = LINE('',#570,#571);
#570 = CARTESIAN_POINT('',(6.985,7.62,116.0526));
#571 = VECTOR('',#572,1.);
#572 = DIRECTION('',(0.,2.13425624505E-16,1.));
#573 = ORIENTED_EDGE('',*,*,#574,.T.);
#574 = EDGE_CURVE('',#567,#120,#575,.T.);
#575 = LINE('',#576,#577);
#576 = CARTESIAN_POINT('',(6.985,2.0955,111.7346));
#577 = VECTOR('',#578,1.);
#578 = DIRECTION('',(0.,1.,0.));
#579 = ORIENTED_EDGE('',*,*,#119,.T.);
#580 = PLANE('',#581);
#581 = AXIS2_PLACEMENT_3D('',#582,#583,#584);
#582 = CARTESIAN_POINT('',(6.985,2.0955,116.0526));
#583 = DIRECTION('',(1.,0.,0.));
#584 = DIRECTION('',(0.,0.,-1.));
#585 = ADVANCED_FACE('',(#586),#622,.T.);
#586 = FACE_BOUND('',#587,.T.);
#587 = EDGE_LOOP('',(#588,#597,#605,#614,#620,#621));
#588 = ORIENTED_EDGE('',*,*,#589,.F.);
#589 = EDGE_CURVE('',#590,#567,#592,.T.);
#590 = VERTEX_POINT('',#591);
#591 = CARTESIAN_POINT('',(7.479561699203,7.62,113.7412));
#592 = CIRCLE('',#593,4.318);
#593 = AXIS2_PLACEMENT_3D('',#594,#595,#596);
#594 = CARTESIAN_POINT('',(11.303,7.62,111.7346));
#595 = DIRECTION('',(-9.472367110025E-48,-1.,2.13425624505E-16));
#596 = DIRECTION('',(-8.034847040189E-16,2.13425624505E-16,1.));
#597 = ORIENTED_EDGE('',*,*,#598,.F.);
#598 = EDGE_CURVE('',#599,#590,#601,.T.);
#599 = VERTEX_POINT('',#600);
#600 = CARTESIAN_POINT('',(7.479561699203,2.8575,113.7412));
#601 = LINE('',#602,#603);
#602 = CARTESIAN_POINT('',(7.479561699203,0.,113.7412));
#603 = VECTOR('',#604,1.);
#604 = DIRECTION('',(0.,1.,0.));
#605 = ORIENTED_EDGE('',*,*,#606,.T.);
#606 = EDGE_CURVE('',#599,#607,#609,.T.);
#607 = VERTEX_POINT('',#608);
#608 = CARTESIAN_POINT('',(11.303,2.8575,116.0526));
#609 = CIRCLE('',#610,4.318);
#610 = AXIS2_PLACEMENT_3D('',#611,#612,#613);
#611 = CARTESIAN_POINT('',(11.303,2.8575,111.7346));
#612 = DIRECTION('',(-0.,1.,0.));
#613 = DIRECTION('',(1.606969408038E-15,0.,-1.));
#614 = ORIENTED_EDGE('',*,*,#615,.F.);
#615 = EDGE_CURVE('',#173,#607,#616,.T.);
#616 = LINE('',#617,#618);
#617 = CARTESIAN_POINT('',(11.303,0.,116.0526));
#618 = VECTOR('',#619,1.);
#619 = DIRECTION('',(0.,-1.,0.));
#620 = ORIENTED_EDGE('',*,*,#180,.F.);
#621 = ORIENTED_EDGE('',*,*,#574,.F.);
#622 = CYLINDRICAL_SURFACE('',#623,4.318);
#623 = AXIS2_PLACEMENT_3D('',#624,#625,#626);
#624 = CARTESIAN_POINT('',(11.303,0.,111.7346));
#625 = DIRECTION('',(0.,-1.,0.));
#626 = DIRECTION('',(0.,0.,-1.));
#627 = ADVANCED_FACE('',(#628),#664,.T.);
#628 = FACE_BOUND('',#629,.T.);
#629 = EDGE_LOOP('',(#630,#640,#647,#648,#649,#657));
#630 = ORIENTED_EDGE('',*,*,#631,.F.);
#631 = EDGE_CURVE('',#632,#634,#636,.T.);
#632 = VERTEX_POINT('',#633);
#633 = CARTESIAN_POINT('',(7.3914,7.62,2.4892));
#634 = VERTEX_POINT('',#635);
#635 = CARTESIAN_POINT('',(7.3914,2.8575,2.4892));
#636 = LINE('',#637,#638);
#637 = CARTESIAN_POINT('',(7.3914,2.0955,2.4892));
#638 = VECTOR('',#639,1.);
#639 = DIRECTION('',(0.,-1.,0.));
#640 = ORIENTED_EDGE('',*,*,#641,.F.);
#641 = EDGE_CURVE('',#495,#632,#642,.T.);
#642 = CIRCLE('',#643,4.318);
#643 = AXIS2_PLACEMENT_3D('',#644,#645,#646);
#644 = CARTESIAN_POINT('',(11.303,7.62,4.318));
#645 = DIRECTION('',(0.,-1.,0.));
#646 = DIRECTION('',(8.034847040189E-16,0.,1.));
#647 = ORIENTED_EDGE('',*,*,#494,.F.);
#648 = ORIENTED_EDGE('',*,*,#129,.F.);
#649 = ORIENTED_EDGE('',*,*,#650,.F.);
#650 = EDGE_CURVE('',#651,#130,#653,.T.);
#651 = VERTEX_POINT('',#652);
#652 = CARTESIAN_POINT('',(11.303,2.8575,0.));
#653 = LINE('',#654,#655);
#654 = CARTESIAN_POINT('',(11.303,17.0434,0.));
#655 = VECTOR('',#656,1.);
#656 = DIRECTION('',(0.,1.,0.));
#657 = ORIENTED_EDGE('',*,*,#658,.T.);
#658 = EDGE_CURVE('',#651,#634,#659,.T.);
#659 = CIRCLE('',#660,4.318);
#660 = AXIS2_PLACEMENT_3D('',#661,#662,#663);
#661 = CARTESIAN_POINT('',(11.303,2.8575,4.318));
#662 = DIRECTION('',(-0.,1.,0.));
#663 = DIRECTION('',(0.,0.,-1.));
#664 = CYLINDRICAL_SURFACE('',#665,4.318);
#665 = AXIS2_PLACEMENT_3D('',#666,#667,#668);
#666 = CARTESIAN_POINT('',(11.303,2.0955,4.318));
#667 = DIRECTION('',(0.,1.,0.));
#668 = DIRECTION('',(0.,0.,1.));
#669 = ADVANCED_FACE('',(#670),#748,.F.);
#670 = FACE_BOUND('',#671,.T.);
#671 = EDGE_LOOP('',(#672,#682,#690,#698,#706,#714,#729,#735,#736,#737)
  );
#672 = ORIENTED_EDGE('',*,*,#673,.T.);
#673 = EDGE_CURVE('',#674,#676,#678,.T.);
#674 = VERTEX_POINT('',#675);
#675 = CARTESIAN_POINT('',(8.626943946775,2.0955,116.0526));
#676 = VERTEX_POINT('',#677);
#677 = CARTESIAN_POINT('',(6.716763462904,2.0955,116.0526));
#678 = LINE('',#679,#680);
#679 = CARTESIAN_POINT('',(0.,2.0955,116.0526));
#680 = VECTOR('',#681,1.);
#681 = DIRECTION('',(-1.,-0.,-0.));
#682 = ORIENTED_EDGE('',*,*,#683,.F.);
#683 = EDGE_CURVE('',#684,#676,#686,.T.);
#684 = VERTEX_POINT('',#685);
#685 = CARTESIAN_POINT('',(6.716763462904,0.,116.0526));
#686 = LINE('',#687,#688);
#687 = CARTESIAN_POINT('',(6.716763462904,0.,116.0526));
#688 = VECTOR('',#689,1.);
#689 = DIRECTION('',(0.,1.,0.));
#690 = ORIENTED_EDGE('',*,*,#691,.T.);
#691 = EDGE_CURVE('',#684,#692,#694,.T.);
#692 = VERTEX_POINT('',#693);
#693 = CARTESIAN_POINT('',(77.484236537096,0.,116.0526));
#694 = LINE('',#695,#696);
#695 = CARTESIAN_POINT('',(84.201,0.,116.0526));
#696 = VECTOR('',#697,1.);
#697 = DIRECTION('',(1.,0.,0.));
#698 = ORIENTED_EDGE('',*,*,#699,.T.);
#699 = EDGE_CURVE('',#692,#700,#702,.T.);
#700 = VERTEX_POINT('',#701);
#701 = CARTESIAN_POINT('',(77.484236537096,2.0955,116.0526));
#702 = LINE('',#703,#704);
#703 = CARTESIAN_POINT('',(77.484236537096,0.,116.0526));
#704 = VECTOR('',#705,1.);
#705 = DIRECTION('',(0.,1.,0.));
#706 = ORIENTED_EDGE('',*,*,#707,.T.);
#707 = EDGE_CURVE('',#700,#708,#710,.T.);
#708 = VERTEX_POINT('',#709);
#709 = CARTESIAN_POINT('',(75.574056053225,2.0955,116.0526));
#710 = LINE('',#711,#712);
#711 = CARTESIAN_POINT('',(77.216,2.0955,116.0526));
#712 = VECTOR('',#713,1.);
#713 = DIRECTION('',(-1.,-0.,-0.));
#714 = ORIENTED_EDGE('',*,*,#715,.T.);
#715 = EDGE_CURVE('',#708,#716,#718,.T.);
#716 = VERTEX_POINT('',#717);
#717 = CARTESIAN_POINT('',(72.898,2.8575,116.0526));
#718 = B_SPLINE_CURVE_WITH_KNOTS('',3,(#719,#720,#721,#722,#723,#724,
    #725,#726,#727,#728),.UNSPECIFIED.,.F.,.F.,(4,2,2,2,4),(0.,
    6.969472164712E-04,1.393894432942E-03,2.090841649413E-03,
    2.787788865885E-03),.UNSPECIFIED.);
#719 = CARTESIAN_POINT('',(75.574056053225,2.0955,116.0526));
#720 = CARTESIAN_POINT('',(75.338468603843,2.0955,116.0526));
#721 = CARTESIAN_POINT('',(75.10778952977,2.12464412064,116.0526));
#722 = CARTESIAN_POINT('',(74.651938700644,2.215632789222,116.0526));
#723 = CARTESIAN_POINT('',(74.426227868299,2.278282421045,116.0526));
#724 = CARTESIAN_POINT('',(73.981578284559,2.422700264437,116.0526));
#725 = CARTESIAN_POINT('',(73.762852237167,2.504400112737,116.0526));
#726 = CARTESIAN_POINT('',(73.328715040508,2.676542151289,116.0526));
#727 = CARTESIAN_POINT('',(73.112184739029,2.767525003072,116.0526));
#728 = CARTESIAN_POINT('',(72.898,2.8575,116.0526));
#729 = ORIENTED_EDGE('',*,*,#730,.T.);
#730 = EDGE_CURVE('',#716,#164,#731,.T.);
#731 = LINE('',#732,#733);
#732 = CARTESIAN_POINT('',(72.898,0.,116.0526));
#733 = VECTOR('',#734,1.);
#734 = DIRECTION('',(0.,1.,0.));
#735 = ORIENTED_EDGE('',*,*,#172,.T.);
#736 = ORIENTED_EDGE('',*,*,#615,.T.);
#737 = ORIENTED_EDGE('',*,*,#738,.T.);
#738 = EDGE_CURVE('',#607,#674,#739,.T.);
#739 = B_SPLINE_CURVE_WITH_KNOTS('',3,(#740,#741,#742,#743,#744,#745,
    #746,#747),.UNSPECIFIED.,.F.,.F.,(4,2,2,4),(-1.31422981248E-05,
    1.387726545147E-03,2.088160966784E-03,2.78859538842E-03),
  .UNSPECIFIED.);
#740 = CARTESIAN_POINT('',(11.303,2.8575,116.0526));
#741 = CARTESIAN_POINT('',(10.872487156961,2.676649618666,116.0526));
#742 = CARTESIAN_POINT('',(10.44170525298,2.49489375244,116.0526));
#743 = CARTESIAN_POINT('',(9.774745574931,2.278274813118,116.0526));
#744 = CARTESIAN_POINT('',(9.549039936936,2.215627687654,116.0526));
#745 = CARTESIAN_POINT('',(9.093199584296,2.124642785436,116.0526));
#746 = CARTESIAN_POINT('',(8.862525840754,2.0955,116.0526));
#747 = CARTESIAN_POINT('',(8.626943946775,2.0955,116.0526));
#748 = PLANE('',#749);
#749 = AXIS2_PLACEMENT_3D('',#750,#751,#752);
#750 = CARTESIAN_POINT('',(0.,0.,116.0526));
#751 = DIRECTION('',(0.,0.,-1.));
#752 = DIRECTION('',(-1.,0.,0.));
#753 = ADVANCED_FACE('',(#754),#832,.T.);
#754 = FACE_BOUND('',#755,.T.);
#755 = EDGE_LOOP('',(#756,#766,#774,#787,#788,#789,#797,#810,#818,#826)
  );
#756 = ORIENTED_EDGE('',*,*,#757,.T.);
#757 = EDGE_CURVE('',#758,#760,#762,.T.);
#758 = VERTEX_POINT('',#759);
#759 = CARTESIAN_POINT('',(6.928657251667,0.,-1.687132033211E-17));
#760 = VERTEX_POINT('',#761);
#761 = CARTESIAN_POINT('',(6.928657251667,2.0955,-1.687132033211E-17));
#762 = LINE('',#763,#764);
#763 = CARTESIAN_POINT('',(6.928657251667,0.,-1.687132033211E-17));
#764 = VECTOR('',#765,1.);
#765 = DIRECTION('',(0.,1.,0.));
#766 = ORIENTED_EDGE('',*,*,#767,.F.);
#767 = EDGE_CURVE('',#768,#760,#770,.T.);
#768 = VERTEX_POINT('',#769);
#769 = CARTESIAN_POINT('',(8.626943946775,2.0955,0.));
#770 = LINE('',#771,#772);
#771 = CARTESIAN_POINT('',(0.,2.0955,0.));
#772 = VECTOR('',#773,1.);
#773 = DIRECTION('',(-1.,-0.,-0.));
#774 = ORIENTED_EDGE('',*,*,#775,.T.);
#775 = EDGE_CURVE('',#768,#651,#776,.T.);
#776 = B_SPLINE_CURVE_WITH_KNOTS('',3,(#777,#778,#779,#780,#781,#782,
    #783,#784,#785,#786),.UNSPECIFIED.,.F.,.F.,(4,2,2,2,4),(0.,
    6.969472164712E-04,1.393894432942E-03,2.090841649413E-03,
    2.787788865885E-03),.UNSPECIFIED.);
#777 = CARTESIAN_POINT('',(8.626943946775,2.0955,0.));
#778 = CARTESIAN_POINT('',(8.862531396157,2.0955,0.));
#779 = CARTESIAN_POINT('',(9.09321047023,2.12464412064,0.));
#780 = CARTESIAN_POINT('',(9.549061299356,2.215632789222,0.));
#781 = CARTESIAN_POINT('',(9.774772131701,2.278282421045,0.));
#782 = CARTESIAN_POINT('',(10.219421715441,2.422700264437,0.));
#783 = CARTESIAN_POINT('',(10.438147762833,2.504400112737,0.));
#784 = CARTESIAN_POINT('',(10.872284959492,2.676542151289,
    2.567906592516E-31));
#785 = CARTESIAN_POINT('',(11.08881526097,2.767525003073,
    2.602085213965E-15));
#786 = CARTESIAN_POINT('',(11.303,2.8575,0.));
#787 = ORIENTED_EDGE('',*,*,#650,.T.);
#788 = ORIENTED_EDGE('',*,*,#138,.F.);
#789 = ORIENTED_EDGE('',*,*,#790,.T.);
#790 = EDGE_CURVE('',#139,#791,#793,.T.);
#791 = VERTEX_POINT('',#792);
#792 = CARTESIAN_POINT('',(72.898,2.8575,0.));
#793 = LINE('',#794,#795);
#794 = CARTESIAN_POINT('',(72.898,2.0955,0.));
#795 = VECTOR('',#796,1.);
#796 = DIRECTION('',(0.,-1.,0.));
#797 = ORIENTED_EDGE('',*,*,#798,.T.);
#798 = EDGE_CURVE('',#791,#799,#801,.T.);
#799 = VERTEX_POINT('',#800);
#800 = CARTESIAN_POINT('',(75.574056053225,2.0955,0.));
#801 = B_SPLINE_CURVE_WITH_KNOTS('',3,(#802,#803,#804,#805,#806,#807,
    #808,#809),.UNSPECIFIED.,.F.,.F.,(4,2,2,4),(-1.314229812477E-05,
    1.387726545148E-03,2.088160966784E-03,2.78859538842E-03),
  .UNSPECIFIED.);
#802 = CARTESIAN_POINT('',(72.898,2.8575,0.));
#803 = CARTESIAN_POINT('',(73.328512843038,2.676649618665,
    2.602085213965E-15));
#804 = CARTESIAN_POINT('',(73.75929474702,2.49489375244,0.));
#805 = CARTESIAN_POINT('',(74.426254425069,2.278274813118,0.));
#806 = CARTESIAN_POINT('',(74.651960063064,2.215627687654,0.));
#807 = CARTESIAN_POINT('',(75.107800415704,2.124642785436,
    -1.283953296258E-31));
#808 = CARTESIAN_POINT('',(75.338474159246,2.0955,-1.47451495458E-15));
#809 = CARTESIAN_POINT('',(75.574056053225,2.0955,0.));
#810 = ORIENTED_EDGE('',*,*,#811,.F.);
#811 = EDGE_CURVE('',#812,#799,#814,.T.);
#812 = VERTEX_POINT('',#813);
#813 = CARTESIAN_POINT('',(77.272342748333,2.0955,-1.687132033211E-17));
#814 = LINE('',#815,#816);
#815 = CARTESIAN_POINT('',(77.216,2.0955,0.));
#816 = VECTOR('',#817,1.);
#817 = DIRECTION('',(-1.,-0.,-0.));
#818 = ORIENTED_EDGE('',*,*,#819,.F.);
#819 = EDGE_CURVE('',#820,#812,#822,.T.);
#820 = VERTEX_POINT('',#821);
#821 = CARTESIAN_POINT('',(77.272342748333,0.,-1.687132033211E-17));
#822 = LINE('',#823,#824);
#823 = CARTESIAN_POINT('',(77.272342748333,0.,-1.687132033211E-17));
#824 = VECTOR('',#825,1.);
#825 = DIRECTION('',(0.,1.,0.));
#826 = ORIENTED_EDGE('',*,*,#827,.F.);
#827 = EDGE_CURVE('',#758,#820,#828,.T.);
#828 = LINE('',#829,#830);
#829 = CARTESIAN_POINT('',(84.201,0.,0.));
#830 = VECTOR('',#831,1.);
#831 = DIRECTION('',(1.,0.,0.));
#832 = PLANE('',#833);
#833 = AXIS2_PLACEMENT_3D('',#834,#835,#836);
#834 = CARTESIAN_POINT('',(0.,0.,0.));
#835 = DIRECTION('',(0.,0.,-1.));
#836 = DIRECTION('',(-1.,0.,0.));
#837 = ADVANCED_FACE('',(#838),#874,.T.);
#838 = FACE_BOUND('',#839,.T.);
#839 = EDGE_LOOP('',(#840,#851,#857,#858,#859,#868));
#840 = ORIENTED_EDGE('',*,*,#841,.F.);
#841 = EDGE_CURVE('',#842,#844,#846,.T.);
#842 = VERTEX_POINT('',#843);
#843 = CARTESIAN_POINT('',(77.216,7.62,111.7346));
#844 = VERTEX_POINT('',#845);
#845 = CARTESIAN_POINT('',(76.721438300797,7.62,113.7412));
#846 = CIRCLE('',#847,4.318);
#847 = AXIS2_PLACEMENT_3D('',#848,#849,#850);
#848 = CARTESIAN_POINT('',(72.898,7.62,111.7346));
#849 = DIRECTION('',(-3.78894684401E-47,-1.,2.13425624505E-16));
#850 = DIRECTION('',(-3.213938816076E-15,2.13425624505E-16,1.));
#851 = ORIENTED_EDGE('',*,*,#852,.F.);
#852 = EDGE_CURVE('',#156,#842,#853,.T.);
#853 = LINE('',#854,#855);
#854 = CARTESIAN_POINT('',(77.216,17.0434,111.7346));
#855 = VECTOR('',#856,1.);
#856 = DIRECTION('',(-0.,-1.,-0.));
#857 = ORIENTED_EDGE('',*,*,#163,.F.);
#858 = ORIENTED_EDGE('',*,*,#730,.F.);
#859 = ORIENTED_EDGE('',*,*,#860,.T.);
#860 = EDGE_CURVE('',#716,#861,#863,.T.);
#861 = VERTEX_POINT('',#862);
#862 = CARTESIAN_POINT('',(76.721438300797,2.8575,113.7412));
#863 = CIRCLE('',#864,4.318);
#864 = AXIS2_PLACEMENT_3D('',#865,#866,#867);
#865 = CARTESIAN_POINT('',(72.898,2.8575,111.7346));
#866 = DIRECTION('',(-0.,1.,0.));
#867 = DIRECTION('',(0.,0.,-1.));
#868 = ORIENTED_EDGE('',*,*,#869,.F.);
#869 = EDGE_CURVE('',#844,#861,#870,.T.);
#870 = LINE('',#871,#872);
#871 = CARTESIAN_POINT('',(76.721438300797,0.,113.7412));
#872 = VECTOR('',#873,1.);
#873 = DIRECTION('',(-0.,-1.,-0.));
#874 = CYLINDRICAL_SURFACE('',#875,4.318);
#875 = AXIS2_PLACEMENT_3D('',#876,#877,#878);
#876 = CARTESIAN_POINT('',(72.898,0.,111.7346));
#877 = DIRECTION('',(0.,1.,0.));
#878 = DIRECTION('',(0.,0.,1.));
#879 = ADVANCED_FACE('',(#880),#916,.T.);
#880 = FACE_BOUND('',#881,.T.);
#881 = EDGE_LOOP('',(#882,#892,#899,#900,#901,#909));
#882 = ORIENTED_EDGE('',*,*,#883,.F.);
#883 = EDGE_CURVE('',#884,#886,#888,.T.);
#884 = VERTEX_POINT('',#885);
#885 = CARTESIAN_POINT('',(76.8096,2.8575,2.4892));
#886 = VERTEX_POINT('',#887);
#887 = CARTESIAN_POINT('',(76.8096,7.62,2.4892));
#888 = LINE('',#889,#890);
#889 = CARTESIAN_POINT('',(76.8096,17.0434,2.4892));
#890 = VECTOR('',#891,1.);
#891 = DIRECTION('',(0.,1.,0.));
#892 = ORIENTED_EDGE('',*,*,#893,.T.);
#893 = EDGE_CURVE('',#884,#791,#894,.T.);
#894 = CIRCLE('',#895,4.318);
#895 = AXIS2_PLACEMENT_3D('',#896,#897,#898);
#896 = CARTESIAN_POINT('',(72.898,2.8575,4.318));
#897 = DIRECTION('',(-0.,1.,0.));
#898 = DIRECTION('',(0.,0.,-1.));
#899 = ORIENTED_EDGE('',*,*,#790,.F.);
#900 = ORIENTED_EDGE('',*,*,#146,.F.);
#901 = ORIENTED_EDGE('',*,*,#902,.F.);
#902 = EDGE_CURVE('',#903,#147,#905,.T.);
#903 = VERTEX_POINT('',#904);
#904 = CARTESIAN_POINT('',(77.216,7.62,4.318));
#905 = LINE('',#906,#907);
#906 = CARTESIAN_POINT('',(77.216,17.0434,4.318));
#907 = VECTOR('',#908,1.);
#908 = DIRECTION('',(0.,1.,0.));
#909 = ORIENTED_EDGE('',*,*,#910,.F.);
#910 = EDGE_CURVE('',#886,#903,#911,.T.);
#911 = CIRCLE('',#912,4.318);
#912 = AXIS2_PLACEMENT_3D('',#913,#914,#915);
#913 = CARTESIAN_POINT('',(72.898,7.62,4.318));
#914 = DIRECTION('',(0.,-1.,0.));
#915 = DIRECTION('',(6.427877632151E-15,0.,1.));
#916 = CYLINDRICAL_SURFACE('',#917,4.318);
#917 = AXIS2_PLACEMENT_3D('',#918,#919,#920);
#918 = CARTESIAN_POINT('',(72.898,17.0434,4.318));
#919 = DIRECTION('',(0.,-1.,0.));
#920 = DIRECTION('',(0.,0.,-1.));
#921 = ADVANCED_FACE('',(#922),#997,.F.);
#922 = FACE_BOUND('',#923,.T.);
#923 = EDGE_LOOP('',(#924,#934,#940,#941,#942,#943,#951,#959,#967,#975,
    #983,#991));
#924 = ORIENTED_EDGE('',*,*,#925,.T.);
#925 = EDGE_CURVE('',#926,#928,#930,.T.);
#926 = VERTEX_POINT('',#927);
#927 = CARTESIAN_POINT('',(77.216,2.8575,10.6172));
#928 = VERTEX_POINT('',#929);
#929 = CARTESIAN_POINT('',(77.216,7.62,10.6172));
#930 = LINE('',#931,#932);
#931 = CARTESIAN_POINT('',(77.216,17.0434,10.6172));
#932 = VECTOR('',#933,1.);
#933 = DIRECTION('',(0.,1.,2.616712637609E-16));
#934 = ORIENTED_EDGE('',*,*,#935,.T.);
#935 = EDGE_CURVE('',#928,#903,#936,.T.);
#936 = LINE('',#937,#938);
#937 = CARTESIAN_POINT('',(77.216,7.62,116.0526));
#938 = VECTOR('',#939,1.);
#939 = DIRECTION('',(0.,0.,-1.));
#940 = ORIENTED_EDGE('',*,*,#902,.T.);
#941 = ORIENTED_EDGE('',*,*,#155,.F.);
#942 = ORIENTED_EDGE('',*,*,#852,.T.);
#943 = ORIENTED_EDGE('',*,*,#944,.T.);
#944 = EDGE_CURVE('',#842,#945,#947,.T.);
#945 = VERTEX_POINT('',#946);
#946 = CARTESIAN_POINT('',(77.216,7.62,105.6132));
#947 = LINE('',#948,#949);
#948 = CARTESIAN_POINT('',(77.216,7.62,116.0526));
#949 = VECTOR('',#950,1.);
#950 = DIRECTION('',(0.,-2.13425624505E-16,-1.));
#951 = ORIENTED_EDGE('',*,*,#952,.T.);
#952 = EDGE_CURVE('',#945,#953,#955,.T.);
#953 = VERTEX_POINT('',#954);
#954 = CARTESIAN_POINT('',(77.216,2.8575,105.6132));
#955 = LINE('',#956,#957);
#956 = CARTESIAN_POINT('',(77.216,17.0434,105.6132));
#957 = VECTOR('',#958,1.);
#958 = DIRECTION('',(0.,-1.,0.));
#959 = ORIENTED_EDGE('',*,*,#960,.T.);
#960 = EDGE_CURVE('',#953,#961,#963,.T.);
#961 = VERTEX_POINT('',#962);
#962 = CARTESIAN_POINT('',(77.216,2.8575,62.1792));
#963 = LINE('',#964,#965);
#964 = CARTESIAN_POINT('',(77.216,2.8575,4.318));
#965 = VECTOR('',#966,1.);
#966 = DIRECTION('',(0.,0.,-1.));
#967 = ORIENTED_EDGE('',*,*,#968,.T.);
#968 = EDGE_CURVE('',#961,#969,#971,.T.);
#969 = VERTEX_POINT('',#970);
#970 = CARTESIAN_POINT('',(77.216,7.62,62.1792));
#971 = LINE('',#972,#973);
#972 = CARTESIAN_POINT('',(77.216,17.0434,62.1792));
#973 = VECTOR('',#974,1.);
#974 = DIRECTION('',(0.,1.,0.));
#975 = ORIENTED_EDGE('',*,*,#976,.T.);
#976 = EDGE_CURVE('',#969,#977,#979,.T.);
#977 = VERTEX_POINT('',#978);
#978 = CARTESIAN_POINT('',(77.216,7.62,54.0512));
#979 = LINE('',#980,#981);
#980 = CARTESIAN_POINT('',(77.216,7.62,116.0526));
#981 = VECTOR('',#982,1.);
#982 = DIRECTION('',(0.,-2.13425624505E-16,-1.));
#983 = ORIENTED_EDGE('',*,*,#984,.T.);
#984 = EDGE_CURVE('',#977,#985,#987,.T.);
#985 = VERTEX_POINT('',#986);
#986 = CARTESIAN_POINT('',(77.216,2.8575,54.0512));
#987 = LINE('',#988,#989);
#988 = CARTESIAN_POINT('',(77.216,17.0434,54.0512));
#989 = VECTOR('',#990,1.);
#990 = DIRECTION('',(0.,-1.,0.));
#991 = ORIENTED_EDGE('',*,*,#992,.T.);
#992 = EDGE_CURVE('',#985,#926,#993,.T.);
#993 = LINE('',#994,#995);
#994 = CARTESIAN_POINT('',(77.216,2.8575,4.318));
#995 = VECTOR('',#996,1.);
#996 = DIRECTION('',(0.,0.,-1.));
#997 = PLANE('',#998);
#998 = AXIS2_PLACEMENT_3D('',#999,#1000,#1001);
#999 = CARTESIAN_POINT('',(77.216,17.0434,116.0526));
#1000 = DIRECTION('',(-1.,0.,0.));
#1001 = DIRECTION('',(0.,0.,1.));
#1002 = ADVANCED_FACE('',(#1003),#1019,.F.);
#1003 = FACE_BOUND('',#1004,.T.);
#1004 = EDGE_LOOP('',(#1005,#1011,#1012,#1018));
#1005 = ORIENTED_EDGE('',*,*,#1006,.T.);
#1006 = EDGE_CURVE('',#309,#192,#1007,.T.);
#1007 = LINE('',#1008,#1009);
#1008 = CARTESIAN_POINT('',(8.9154,14.986,7.4422));
#1009 = VECTOR('',#1010,1.);
#1010 = DIRECTION('',(0.707106781187,0.707106781187,-5.3121976641E-15));
#1011 = ORIENTED_EDGE('',*,*,#189,.F.);
#1012 = ORIENTED_EDGE('',*,*,#1013,.T.);
#1013 = EDGE_CURVE('',#190,#298,#1014,.T.);
#1014 = LINE('',#1015,#1016);
#1015 = CARTESIAN_POINT('',(11.4554,17.526,78.1812));
#1016 = VECTOR('',#1017,1.);
#1017 = DIRECTION('',(-0.707106781187,-0.707106781187,
    -3.863416482982E-15));
#1018 = ORIENTED_EDGE('',*,*,#308,.F.);
#1019 = PLANE('',#1020);
#1020 = AXIS2_PLACEMENT_3D('',#1021,#1022,#1023);
#1021 = CARTESIAN_POINT('',(8.9154,14.986,4.318));
#1022 = DIRECTION('',(-0.707106781187,0.707106781187,8.670144710462E-17)
  );
#1023 = DIRECTION('',(1.226143623727E-16,-9.857314351214E-34,1.));
#1024 = ADVANCED_FACE('',(#1025),#1036,.F.);
#1025 = FACE_BOUND('',#1026,.F.);
#1026 = EDGE_LOOP('',(#1027,#1028,#1029,#1030));
#1027 = ORIENTED_EDGE('',*,*,#316,.T.);
#1028 = ORIENTED_EDGE('',*,*,#1006,.T.);
#1029 = ORIENTED_EDGE('',*,*,#257,.T.);
#1030 = ORIENTED_EDGE('',*,*,#1031,.F.);
#1031 = EDGE_CURVE('',#317,#250,#1032,.T.);
#1032 = LINE('',#1033,#1034);
#1033 = CARTESIAN_POINT('',(14.2748,14.986,2.0828));
#1034 = VECTOR('',#1035,1.);
#1035 = DIRECTION('',(0.,0.707106781187,0.707106781187));
#1036 = CONICAL_SURFACE('',#1037,5.3594,0.785398163397);
#1037 = AXIS2_PLACEMENT_3D('',#1038,#1039,#1040);
#1038 = CARTESIAN_POINT('',(14.2748,14.986,7.4422));
#1039 = DIRECTION('',(-0.,-1.,-0.));
#1040 = DIRECTION('',(0.,0.,-1.));
#1041 = ADVANCED_FACE('',(#1042),#1053,.F.);
#1042 = FACE_BOUND('',#1043,.T.);
#1043 = EDGE_LOOP('',(#1044,#1050,#1051,#1052));
#1044 = ORIENTED_EDGE('',*,*,#1045,.T.);
#1045 = EDGE_CURVE('',#326,#241,#1046,.T.);
#1046 = LINE('',#1047,#1048);
#1047 = CARTESIAN_POINT('',(69.9008,14.986,2.0828));
#1048 = VECTOR('',#1049,1.);
#1049 = DIRECTION('',(3.863416482982E-15,0.707106781187,0.707106781187)
  );
#1050 = ORIENTED_EDGE('',*,*,#249,.F.);
#1051 = ORIENTED_EDGE('',*,*,#1031,.F.);
#1052 = ORIENTED_EDGE('',*,*,#325,.F.);
#1053 = PLANE('',#1054);
#1054 = AXIS2_PLACEMENT_3D('',#1055,#1056,#1057);
#1055 = CARTESIAN_POINT('',(11.303,14.986,2.0828));
#1056 = DIRECTION('',(1.102573197198E-17,0.707106781187,-0.707106781187)
  );
#1057 = DIRECTION('',(-1.,7.971500814697E-35,-1.559273968986E-17));
#1058 = ADVANCED_FACE('',(#1059),#1065,.F.);
#1059 = FACE_BOUND('',#1060,.F.);
#1060 = EDGE_LOOP('',(#1061,#1062,#1063,#1064));
#1061 = ORIENTED_EDGE('',*,*,#333,.T.);
#1062 = ORIENTED_EDGE('',*,*,#1045,.T.);
#1063 = ORIENTED_EDGE('',*,*,#240,.T.);
#1064 = ORIENTED_EDGE('',*,*,#462,.F.);
#1065 = CONICAL_SURFACE('',#1066,5.3594,0.785398163397);
#1066 = AXIS2_PLACEMENT_3D('',#1067,#1068,#1069);
#1067 = CARTESIAN_POINT('',(69.9008,14.986,7.4422));
#1068 = DIRECTION('',(-0.,-1.,-0.));
#1069 = DIRECTION('',(0.,0.,-1.));
#1070 = ADVANCED_FACE('',(#1071),#1089,.F.);
#1071 = FACE_BOUND('',#1072,.F.);
#1072 = EDGE_LOOP('',(#1073,#1074,#1075,#1083));
#1073 = ORIENTED_EDGE('',*,*,#274,.F.);
#1074 = ORIENTED_EDGE('',*,*,#216,.F.);
#1075 = ORIENTED_EDGE('',*,*,#1076,.T.);
#1076 = EDGE_CURVE('',#208,#1077,#1079,.T.);
#1077 = VERTEX_POINT('',#1078);
#1078 = CARTESIAN_POINT('',(14.2748,17.036,112.0526));
#1079 = LINE('',#1080,#1081);
#1080 = CARTESIAN_POINT('',(14.2748,17.0434,112.0526));
#1081 = VECTOR('',#1082,1.);
#1082 = DIRECTION('',(0.,-1.,2.22044604925E-16));
#1083 = ORIENTED_EDGE('',*,*,#1084,.T.);
#1084 = EDGE_CURVE('',#1077,#275,#1085,.T.);
#1085 = LINE('',#1086,#1087);
#1086 = CARTESIAN_POINT('',(14.2748,17.036,112.0526));
#1087 = VECTOR('',#1088,1.);
#1088 = DIRECTION('',(1.,0.,0.));
#1089 = PLANE('',#1090);
#1090 = AXIS2_PLACEMENT_3D('',#1091,#1092,#1093);
#1091 = CARTESIAN_POINT('',(14.2748,17.0434,112.0526));
#1092 = DIRECTION('',(0.,2.22044604925E-16,1.));
#1093 = DIRECTION('',(1.,0.,0.));
#1094 = ADVANCED_FACE('',(#1095),#1114,.F.);
#1095 = FACE_BOUND('',#1096,.F.);
#1096 = EDGE_LOOP('',(#1097,#1098,#1099,#1107));
#1097 = ORIENTED_EDGE('',*,*,#1076,.F.);
#1098 = ORIENTED_EDGE('',*,*,#207,.F.);
#1099 = ORIENTED_EDGE('',*,*,#1100,.T.);
#1100 = EDGE_CURVE('',#200,#1101,#1103,.T.);
#1101 = VERTEX_POINT('',#1102);
#1102 = CARTESIAN_POINT('',(10.9728,17.036,108.7506));
#1103 = LINE('',#1104,#1105);
#1104 = CARTESIAN_POINT('',(10.9728,17.0434,108.7506));
#1105 = VECTOR('',#1106,1.);
#1106 = DIRECTION('',(0.,-1.,2.22044604925E-16));
#1107 = ORIENTED_EDGE('',*,*,#1108,.T.);
#1108 = EDGE_CURVE('',#1101,#1077,#1109,.T.);
#1109 = CIRCLE('',#1110,3.302);
#1110 = AXIS2_PLACEMENT_3D('',#1111,#1112,#1113);
#1111 = CARTESIAN_POINT('',(14.2748,17.036,108.7506));
#1112 = DIRECTION('',(0.,1.,-0.));
#1113 = DIRECTION('',(-1.,0.,4.303711300788E-15));
#1114 = CYLINDRICAL_SURFACE('',#1115,3.302);
#1115 = AXIS2_PLACEMENT_3D('',#1116,#1117,#1118);
#1116 = CARTESIAN_POINT('',(14.2748,17.0434,108.7506));
#1117 = DIRECTION('',(0.,1.,-2.22044604925E-16));
#1118 = DIRECTION('',(-1.,0.,0.));
#1119 = ADVANCED_FACE('',(#1120),#1139,.F.);
#1120 = FACE_BOUND('',#1121,.F.);
#1121 = EDGE_LOOP('',(#1122,#1123,#1124,#1133));
#1122 = ORIENTED_EDGE('',*,*,#1100,.F.);
#1123 = ORIENTED_EDGE('',*,*,#199,.F.);
#1124 = ORIENTED_EDGE('',*,*,#1125,.T.);
#1125 = EDGE_CURVE('',#190,#1126,#1128,.T.);
#1126 = VERTEX_POINT('',#1127);
#1127 = CARTESIAN_POINT('',(10.9728,17.036,78.402388516881));
#1128 = HYPERBOLA('',#1129,3.302,3.302);
#1129 = AXIS2_PLACEMENT_3D('',#1130,#1131,#1132);
#1130 = CARTESIAN_POINT('',(10.9728,20.3454,78.1812));
#1131 = DIRECTION('',(-1.,0.,0.));
#1132 = DIRECTION('',(0.,-1.,0.));
#1133 = ORIENTED_EDGE('',*,*,#1134,.T.);
#1134 = EDGE_CURVE('',#1126,#1101,#1135,.T.);
#1135 = LINE('',#1136,#1137);
#1136 = CARTESIAN_POINT('',(10.9728,17.036,82.402569962465));
#1137 = VECTOR('',#1138,1.);
#1138 = DIRECTION('',(0.,0.,1.));
#1139 = PLANE('',#1140);
#1140 = AXIS2_PLACEMENT_3D('',#1141,#1142,#1143);
#1141 = CARTESIAN_POINT('',(10.9728,17.0434,78.1812));
#1142 = DIRECTION('',(-1.,0.,0.));
#1143 = DIRECTION('',(0.,2.22044604925E-16,1.));
#1144 = ADVANCED_FACE('',(#1145),#1157,.F.);
#1145 = FACE_BOUND('',#1146,.F.);
#1146 = EDGE_LOOP('',(#1147,#1148,#1149,#1150));
#1147 = ORIENTED_EDGE('',*,*,#1125,.F.);
#1148 = ORIENTED_EDGE('',*,*,#1013,.T.);
#1149 = ORIENTED_EDGE('',*,*,#297,.T.);
#1150 = ORIENTED_EDGE('',*,*,#1151,.F.);
#1151 = EDGE_CURVE('',#1126,#300,#1152,.T.);
#1152 = PARABOLA('',#1153,2.616295090379E-03);
#1153 = AXIS2_PLACEMENT_3D('',#1154,#1155,#1156);
#1154 = CARTESIAN_POINT('',(14.2785,20.3417,78.1812));
#1155 = DIRECTION('',(-0.707106781187,0.707106781187,-8.829418334612E-18
    ));
#1156 = DIRECTION('',(-0.707106781187,-0.707106781187,
    -8.829418334612E-18));
#1157 = CONICAL_SURFACE('',#1158,5.3594,0.785398163397);
#1158 = AXIS2_PLACEMENT_3D('',#1159,#1160,#1161);
#1159 = CARTESIAN_POINT('',(14.2748,14.986,78.1812));
#1160 = DIRECTION('',(-0.,-1.,-0.));
#1161 = DIRECTION('',(0.,0.,-1.));
#1162 = ADVANCED_FACE('',(#1163),#1174,.T.);
#1163 = FACE_BOUND('',#1164,.T.);
#1164 = EDGE_LOOP('',(#1165,#1166,#1167,#1173));
#1165 = ORIENTED_EDGE('',*,*,#1151,.F.);
#1166 = ORIENTED_EDGE('',*,*,#1134,.T.);
#1167 = ORIENTED_EDGE('',*,*,#1168,.T.);
#1168 = EDGE_CURVE('',#1101,#368,#1169,.T.);
#1169 = LINE('',#1170,#1171);
#1170 = CARTESIAN_POINT('',(9.9478,16.011,108.7506));
#1171 = VECTOR('',#1172,1.);
#1172 = DIRECTION('',(-0.707106781187,-0.707106781187,
    -3.784550818128E-34));
#1173 = ORIENTED_EDGE('',*,*,#376,.F.);
#1174 = PLANE('',#1175);
#1175 = AXIS2_PLACEMENT_3D('',#1176,#1177,#1178);
#1176 = CARTESIAN_POINT('',(9.9478,16.011,82.402569962465));
#1177 = DIRECTION('',(0.707106781187,-0.707106781187,8.829418334612E-18)
  );
#1178 = DIRECTION('',(-6.243341578337E-18,6.243341578337E-18,1.));
#1179 = ADVANCED_FACE('',(#1180),#1191,.F.);
#1180 = FACE_BOUND('',#1181,.T.);
#1181 = EDGE_LOOP('',(#1182,#1183,#1184,#1190));
#1182 = ORIENTED_EDGE('',*,*,#1168,.F.);
#1183 = ORIENTED_EDGE('',*,*,#1108,.T.);
#1184 = ORIENTED_EDGE('',*,*,#1185,.T.);
#1185 = EDGE_CURVE('',#1077,#360,#1186,.T.);
#1186 = LINE('',#1187,#1188);
#1187 = CARTESIAN_POINT('',(14.2748,17.036,112.0526));
#1188 = VECTOR('',#1189,1.);
#1189 = DIRECTION('',(3.156894888113E-15,-0.707106781187,0.707106781187)
  );
#1190 = ORIENTED_EDGE('',*,*,#367,.F.);
#1191 = CONICAL_SURFACE('',#1192,3.302,0.785398163397);
#1192 = AXIS2_PLACEMENT_3D('',#1193,#1194,#1195);
#1193 = CARTESIAN_POINT('',(14.2748,17.036,108.7506));
#1194 = DIRECTION('',(-0.,-1.,-0.));
#1195 = DIRECTION('',(-1.,0.,4.303711300788E-15));
#1196 = ADVANCED_FACE('',(#1197),#1203,.T.);
#1197 = FACE_BOUND('',#1198,.T.);
#1198 = EDGE_LOOP('',(#1199,#1200,#1201,#1202));
#1199 = ORIENTED_EDGE('',*,*,#1185,.F.);
#1200 = ORIENTED_EDGE('',*,*,#1084,.T.);
#1201 = ORIENTED_EDGE('',*,*,#477,.T.);
#1202 = ORIENTED_EDGE('',*,*,#359,.F.);
#1203 = PLANE('',#1204);
#1204 = AXIS2_PLACEMENT_3D('',#1205,#1206,#1207);
#1205 = CARTESIAN_POINT('',(14.2748,16.011,113.0776));
#1206 = DIRECTION('',(-1.22992429744E-17,-0.707106781187,-0.707106781187
    ));
#1207 = DIRECTION('',(1.,-8.696878110663E-18,-8.696878110663E-18));
#1208 = ADVANCED_FACE('',(#1209),#1269,.F.);
#1209 = FACE_BOUND('',#1210,.F.);
#1210 = EDGE_LOOP('',(#1211,#1212,#1220,#1229,#1237,#1246,#1254,#1263));
#1211 = ORIENTED_EDGE('',*,*,#384,.T.);
#1212 = ORIENTED_EDGE('',*,*,#1213,.T.);
#1213 = EDGE_CURVE('',#387,#1214,#1216,.T.);
#1214 = VERTEX_POINT('',#1215);
#1215 = CARTESIAN_POINT('',(11.303,0.,1.143));
#1216 = LINE('',#1217,#1218);
#1217 = CARTESIAN_POINT('',(11.303,14.986,1.143));
#1218 = VECTOR('',#1219,1.);
#1219 = DIRECTION('',(-0.,-1.,-0.));
#1220 = ORIENTED_EDGE('',*,*,#1221,.F.);
#1221 = EDGE_CURVE('',#1222,#1214,#1224,.T.);
#1222 = VERTEX_POINT('',#1223);
#1223 = CARTESIAN_POINT('',(8.128,0.,4.318));
#1224 = CIRCLE('',#1225,3.175);
#1225 = AXIS2_PLACEMENT_3D('',#1226,#1227,#1228);
#1226 = CARTESIAN_POINT('',(11.303,0.,4.318));
#1227 = DIRECTION('',(0.,-1.,0.));
#1228 = DIRECTION('',(0.,0.,1.));
#1229 = ORIENTED_EDGE('',*,*,#1230,.F.);
#1230 = EDGE_CURVE('',#1231,#1222,#1233,.T.);
#1231 = VERTEX_POINT('',#1232);
#1232 = CARTESIAN_POINT('',(8.128,0.9906,4.318));
#1233 = LINE('',#1234,#1235);
#1234 = CARTESIAN_POINT('',(8.128,14.986,4.318));
#1235 = VECTOR('',#1236,1.);
#1236 = DIRECTION('',(-0.,-1.,-0.));
#1237 = ORIENTED_EDGE('',*,*,#1238,.F.);
#1238 = EDGE_CURVE('',#1239,#1231,#1241,.T.);
#1239 = VERTEX_POINT('',#1240);
#1240 = CARTESIAN_POINT('',(8.707597225863,0.9906,2.4892));
#1241 = CIRCLE('',#1242,3.175);
#1242 = AXIS2_PLACEMENT_3D('',#1243,#1244,#1245);
#1243 = CARTESIAN_POINT('',(11.303,0.9906,4.318));
#1244 = DIRECTION('',(-0.,1.,0.));
#1245 = DIRECTION('',(0.,0.,-1.));
#1246 = ORIENTED_EDGE('',*,*,#1247,.F.);
#1247 = EDGE_CURVE('',#1248,#1239,#1250,.T.);
#1248 = VERTEX_POINT('',#1249);
#1249 = CARTESIAN_POINT('',(8.707597225863,7.62,2.4892));
#1250 = LINE('',#1251,#1252);
#1251 = CARTESIAN_POINT('',(8.707597225863,14.986,2.4892));
#1252 = VECTOR('',#1253,1.);
#1253 = DIRECTION('',(-0.,-1.,-0.));
#1254 = ORIENTED_EDGE('',*,*,#1255,.F.);
#1255 = EDGE_CURVE('',#1256,#1248,#1258,.T.);
#1256 = VERTEX_POINT('',#1257);
#1257 = CARTESIAN_POINT('',(8.128,7.62,4.318));
#1258 = CIRCLE('',#1259,3.175);
#1259 = AXIS2_PLACEMENT_3D('',#1260,#1261,#1262);
#1260 = CARTESIAN_POINT('',(11.303,7.62,4.318));
#1261 = DIRECTION('',(0.,-1.,0.));
#1262 = DIRECTION('',(1.092739197466E-15,0.,1.));
#1263 = ORIENTED_EDGE('',*,*,#1264,.F.);
#1264 = EDGE_CURVE('',#385,#1256,#1265,.T.);
#1265 = LINE('',#1266,#1267);
#1266 = CARTESIAN_POINT('',(8.128,14.986,4.318));
#1267 = VECTOR('',#1268,1.);
#1268 = DIRECTION('',(-0.,-1.,-0.));
#1269 = CYLINDRICAL_SURFACE('',#1270,3.175);
#1270 = AXIS2_PLACEMENT_3D('',#1271,#1272,#1273);
#1271 = CARTESIAN_POINT('',(11.303,14.986,4.318));
#1272 = DIRECTION('',(-0.,-1.,-0.));
#1273 = DIRECTION('',(0.,0.,-1.));
#1274 = ADVANCED_FACE('',(#1275,#1309),#1382,.F.);
#1275 = FACE_BOUND('',#1276,.T.);
#1276 = EDGE_LOOP('',(#1277,#1287,#1295,#1303));
#1277 = ORIENTED_EDGE('',*,*,#1278,.T.);
#1278 = EDGE_CURVE('',#1279,#1281,#1283,.T.);
#1279 = VERTEX_POINT('',#1280);
#1280 = CARTESIAN_POINT('',(8.128,7.62,62.1792));
#1281 = VERTEX_POINT('',#1282);
#1282 = CARTESIAN_POINT('',(8.128,7.62,54.0512));
#1283 = LINE('',#1284,#1285);
#1284 = CARTESIAN_POINT('',(8.128,7.62,111.7346));
#1285 = VECTOR('',#1286,1.);
#1286 = DIRECTION('',(1.29195932545E-16,-2.13425624505E-16,-1.));
#1287 = ORIENTED_EDGE('',*,*,#1288,.T.);
#1288 = EDGE_CURVE('',#1281,#1289,#1291,.T.);
#1289 = VERTEX_POINT('',#1290);
#1290 = CARTESIAN_POINT('',(8.128,0.9906,54.0512));
#1291 = LINE('',#1292,#1293);
#1292 = CARTESIAN_POINT('',(8.128,14.986,54.0512));
#1293 = VECTOR('',#1294,1.);
#1294 = DIRECTION('',(0.,-1.,0.));
#1295 = ORIENTED_EDGE('',*,*,#1296,.T.);
#1296 = EDGE_CURVE('',#1289,#1297,#1299,.T.);
#1297 = VERTEX_POINT('',#1298);
#1298 = CARTESIAN_POINT('',(8.128,0.9906,62.1792));
#1299 = LINE('',#1300,#1301);
#1300 = CARTESIAN_POINT('',(8.128,0.9906,111.7346));
#1301 = VECTOR('',#1302,1.);
#1302 = DIRECTION('',(-1.29195932545E-16,1.867474214419E-16,1.));
#1303 = ORIENTED_EDGE('',*,*,#1304,.T.);
#1304 = EDGE_CURVE('',#1297,#1279,#1305,.T.);
#1305 = LINE('',#1306,#1307);
#1306 = CARTESIAN_POINT('',(8.128,14.986,62.1792));
#1307 = VECTOR('',#1308,1.);
#1308 = DIRECTION('',(0.,1.,0.));
#1309 = FACE_BOUND('',#1310,.T.);
#1310 = EDGE_LOOP('',(#1311,#1321,#1327,#1328,#1329,#1337,#1345,#1353,
    #1361,#1369,#1375,#1376));
#1311 = ORIENTED_EDGE('',*,*,#1312,.T.);
#1312 = EDGE_CURVE('',#1313,#1315,#1317,.T.);
#1313 = VERTEX_POINT('',#1314);
#1314 = CARTESIAN_POINT('',(8.128,0.9906,10.6172));
#1315 = VERTEX_POINT('',#1316);
#1316 = CARTESIAN_POINT('',(8.128,7.62,10.6172));
#1317 = LINE('',#1318,#1319);
#1318 = CARTESIAN_POINT('',(8.128,14.986,10.6172));
#1319 = VECTOR('',#1320,1.);
#1320 = DIRECTION('',(-3.380686294183E-32,1.,2.616712637609E-16));
#1321 = ORIENTED_EDGE('',*,*,#1322,.T.);
#1322 = EDGE_CURVE('',#1315,#1256,#1323,.T.);
#1323 = LINE('',#1324,#1325);
#1324 = CARTESIAN_POINT('',(8.128,7.62,111.7346));
#1325 = VECTOR('',#1326,1.);
#1326 = DIRECTION('',(1.29195932545E-16,0.,-1.));
#1327 = ORIENTED_EDGE('',*,*,#1264,.F.);
#1328 = ORIENTED_EDGE('',*,*,#395,.F.);
#1329 = ORIENTED_EDGE('',*,*,#1330,.T.);
#1330 = EDGE_CURVE('',#396,#1331,#1333,.T.);
#1331 = VERTEX_POINT('',#1332);
#1332 = CARTESIAN_POINT('',(8.128,7.62,111.7346));
#1333 = LINE('',#1334,#1335);
#1334 = CARTESIAN_POINT('',(8.128,14.986,111.7346));
#1335 = VECTOR('',#1336,1.);
#1336 = DIRECTION('',(-0.,-1.,-0.));
#1337 = ORIENTED_EDGE('',*,*,#1338,.T.);
#1338 = EDGE_CURVE('',#1331,#1339,#1341,.T.);
#1339 = VERTEX_POINT('',#1340);
#1340 = CARTESIAN_POINT('',(8.128,7.62,105.6132));
#1341 = LINE('',#1342,#1343);
#1342 = CARTESIAN_POINT('',(8.128,7.62,111.7346));
#1343 = VECTOR('',#1344,1.);
#1344 = DIRECTION('',(1.29195932545E-16,-2.13425624505E-16,-1.));
#1345 = ORIENTED_EDGE('',*,*,#1346,.T.);
#1346 = EDGE_CURVE('',#1339,#1347,#1349,.T.);
#1347 = VERTEX_POINT('',#1348);
#1348 = CARTESIAN_POINT('',(8.128,0.9906,105.6132));
#1349 = LINE('',#1350,#1351);
#1350 = CARTESIAN_POINT('',(8.128,14.986,105.6132));
#1351 = VECTOR('',#1352,1.);
#1352 = DIRECTION('',(0.,-1.,0.));
#1353 = ORIENTED_EDGE('',*,*,#1354,.T.);
#1354 = EDGE_CURVE('',#1347,#1355,#1357,.T.);
#1355 = VERTEX_POINT('',#1356);
#1356 = CARTESIAN_POINT('',(8.128,0.9906,111.7346));
#1357 = LINE('',#1358,#1359);
#1358 = CARTESIAN_POINT('',(8.128,0.9906,111.7346));
#1359 = VECTOR('',#1360,1.);
#1360 = DIRECTION('',(-1.29195932545E-16,1.867474214419E-16,1.));
#1361 = ORIENTED_EDGE('',*,*,#1362,.T.);
#1362 = EDGE_CURVE('',#1355,#1363,#1365,.T.);
#1363 = VERTEX_POINT('',#1364);
#1364 = CARTESIAN_POINT('',(8.128,0.,111.7346));
#1365 = LINE('',#1366,#1367);
#1366 = CARTESIAN_POINT('',(8.128,14.986,111.7346));
#1367 = VECTOR('',#1368,1.);
#1368 = DIRECTION('',(-0.,-1.,-0.));
#1369 = ORIENTED_EDGE('',*,*,#1370,.T.);
#1370 = EDGE_CURVE('',#1363,#1222,#1371,.T.);
#1371 = LINE('',#1372,#1373);
#1372 = CARTESIAN_POINT('',(8.128,0.,111.7346));
#1373 = VECTOR('',#1374,1.);
#1374 = DIRECTION('',(1.29195932545E-16,0.,-1.));
#1375 = ORIENTED_EDGE('',*,*,#1230,.F.);
#1376 = ORIENTED_EDGE('',*,*,#1377,.T.);
#1377 = EDGE_CURVE('',#1231,#1313,#1378,.T.);
#1378 = LINE('',#1379,#1380);
#1379 = CARTESIAN_POINT('',(8.128,0.9906,111.7346));
#1380 = VECTOR('',#1381,1.);
#1381 = DIRECTION('',(-1.29195932545E-16,0.,1.));
#1382 = PLANE('',#1383);
#1383 = AXIS2_PLACEMENT_3D('',#1384,#1385,#1386);
#1384 = CARTESIAN_POINT('',(8.128,14.986,111.7346));
#1385 = DIRECTION('',(-1.,0.,-1.29195932545E-16));
#1386 = DIRECTION('',(-1.29195932545E-16,0.,1.));
#1387 = ADVANCED_FACE('',(#1388),#1406,.F.);
#1388 = FACE_BOUND('',#1389,.T.);
#1389 = EDGE_LOOP('',(#1390,#1398,#1404,#1405));
#1390 = ORIENTED_EDGE('',*,*,#1391,.T.);
#1391 = EDGE_CURVE('',#1214,#1392,#1394,.T.);
#1392 = VERTEX_POINT('',#1393);
#1393 = CARTESIAN_POINT('',(72.898,0.,1.143));
#1394 = LINE('',#1395,#1396);
#1395 = CARTESIAN_POINT('',(72.898,0.,1.143));
#1396 = VECTOR('',#1397,1.);
#1397 = DIRECTION('',(1.,0.,1.337760615454E-16));
#1398 = ORIENTED_EDGE('',*,*,#1399,.F.);
#1399 = EDGE_CURVE('',#438,#1392,#1400,.T.);
#1400 = LINE('',#1401,#1402);
#1401 = CARTESIAN_POINT('',(72.898,14.986,1.143));
#1402 = VECTOR('',#1403,1.);
#1403 = DIRECTION('',(-0.,-1.,-0.));
#1404 = ORIENTED_EDGE('',*,*,#446,.F.);
#1405 = ORIENTED_EDGE('',*,*,#1213,.T.);
#1406 = PLANE('',#1407);
#1407 = AXIS2_PLACEMENT_3D('',#1408,#1409,#1410);
#1408 = CARTESIAN_POINT('',(72.898,14.986,1.143));
#1409 = DIRECTION('',(1.337760615454E-16,0.,-1.));
#1410 = DIRECTION('',(-1.,0.,-1.337760615454E-16));
#1411 = ADVANCED_FACE('',(#1412),#1456,.F.);
#1412 = FACE_BOUND('',#1413,.F.);
#1413 = EDGE_LOOP('',(#1414,#1423,#1424,#1433,#1439,#1440,#1441,#1450));
#1414 = ORIENTED_EDGE('',*,*,#1415,.F.);
#1415 = EDGE_CURVE('',#1355,#1416,#1418,.T.);
#1416 = VERTEX_POINT('',#1417);
#1417 = CARTESIAN_POINT('',(8.842475373015,0.9906,113.7412));
#1418 = CIRCLE('',#1419,3.175);
#1419 = AXIS2_PLACEMENT_3D('',#1420,#1421,#1422);
#1420 = CARTESIAN_POINT('',(11.303,0.9906,111.7346));
#1421 = DIRECTION('',(8.815631429363E-48,1.,-1.867474214419E-16));
#1422 = DIRECTION('',(1.092739197466E-15,-1.867474214419E-16,-1.));
#1423 = ORIENTED_EDGE('',*,*,#1362,.T.);
#1424 = ORIENTED_EDGE('',*,*,#1425,.F.);
#1425 = EDGE_CURVE('',#1426,#1363,#1428,.T.);
#1426 = VERTEX_POINT('',#1427);
#1427 = CARTESIAN_POINT('',(11.303,0.,114.9096));
#1428 = CIRCLE('',#1429,3.175);
#1429 = AXIS2_PLACEMENT_3D('',#1430,#1431,#1432);
#1430 = CARTESIAN_POINT('',(11.303,0.,111.7346));
#1431 = DIRECTION('',(0.,-1.,0.));
#1432 = DIRECTION('',(0.,0.,-1.));
#1433 = ORIENTED_EDGE('',*,*,#1434,.F.);
#1434 = EDGE_CURVE('',#404,#1426,#1435,.T.);
#1435 = LINE('',#1436,#1437);
#1436 = CARTESIAN_POINT('',(11.303,14.986,114.9096));
#1437 = VECTOR('',#1438,1.);
#1438 = DIRECTION('',(-0.,-1.,-0.));
#1439 = ORIENTED_EDGE('',*,*,#403,.T.);
#1440 = ORIENTED_EDGE('',*,*,#1330,.T.);
#1441 = ORIENTED_EDGE('',*,*,#1442,.F.);
#1442 = EDGE_CURVE('',#1443,#1331,#1445,.T.);
#1443 = VERTEX_POINT('',#1444);
#1444 = CARTESIAN_POINT('',(8.842475373015,7.62,113.7412));
#1445 = CIRCLE('',#1446,3.175);
#1446 = AXIS2_PLACEMENT_3D('',#1447,#1448,#1449);
#1447 = CARTESIAN_POINT('',(11.303,7.62,111.7346));
#1448 = DIRECTION('',(1.344919691499E-47,-1.,2.13425624505E-16));
#1449 = DIRECTION('',(1.092739197466E-15,2.13425624505E-16,1.));
#1450 = ORIENTED_EDGE('',*,*,#1451,.F.);
#1451 = EDGE_CURVE('',#1416,#1443,#1452,.T.);
#1452 = LINE('',#1453,#1454);
#1453 = CARTESIAN_POINT('',(8.842475373015,14.986,113.7412));
#1454 = VECTOR('',#1455,1.);
#1455 = DIRECTION('',(0.,1.,0.));
#1456 = CYLINDRICAL_SURFACE('',#1457,3.175);
#1457 = AXIS2_PLACEMENT_3D('',#1458,#1459,#1460);
#1458 = CARTESIAN_POINT('',(11.303,14.986,111.7346));
#1459 = DIRECTION('',(-0.,-1.,-0.));
#1460 = DIRECTION('',(0.,0.,-1.));
#1461 = ADVANCED_FACE('',(#1462),#1515,.F.);
#1462 = FACE_BOUND('',#1463,.F.);
#1463 = EDGE_LOOP('',(#1464,#1475,#1483,#1490,#1491,#1492,#1500,#1509));
#1464 = ORIENTED_EDGE('',*,*,#1465,.F.);
#1465 = EDGE_CURVE('',#1466,#1468,#1470,.T.);
#1466 = VERTEX_POINT('',#1467);
#1467 = CARTESIAN_POINT('',(76.073,0.9906,4.318));
#1468 = VERTEX_POINT('',#1469);
#1469 = CARTESIAN_POINT('',(75.493402774137,0.9906,2.4892));
#1470 = CIRCLE('',#1471,3.175);
#1471 = AXIS2_PLACEMENT_3D('',#1472,#1473,#1474);
#1472 = CARTESIAN_POINT('',(72.898,0.9906,4.318));
#1473 = DIRECTION('',(-0.,1.,0.));
#1474 = DIRECTION('',(0.,0.,-1.));
#1475 = ORIENTED_EDGE('',*,*,#1476,.T.);
#1476 = EDGE_CURVE('',#1466,#1477,#1479,.T.);
#1477 = VERTEX_POINT('',#1478);
#1478 = CARTESIAN_POINT('',(76.073,0.,4.318));
#1479 = LINE('',#1480,#1481);
#1480 = CARTESIAN_POINT('',(76.073,14.986,4.318));
#1481 = VECTOR('',#1482,1.);
#1482 = DIRECTION('',(-0.,-1.,-0.));
#1483 = ORIENTED_EDGE('',*,*,#1484,.F.);
#1484 = EDGE_CURVE('',#1392,#1477,#1485,.T.);
#1485 = CIRCLE('',#1486,3.175);
#1486 = AXIS2_PLACEMENT_3D('',#1487,#1488,#1489);
#1487 = CARTESIAN_POINT('',(72.898,0.,4.318));
#1488 = DIRECTION('',(0.,-1.,0.));
#1489 = DIRECTION('',(0.,0.,1.));
#1490 = ORIENTED_EDGE('',*,*,#1399,.F.);
#1491 = ORIENTED_EDGE('',*,*,#437,.T.);
#1492 = ORIENTED_EDGE('',*,*,#1493,.T.);
#1493 = EDGE_CURVE('',#430,#1494,#1496,.T.);
#1494 = VERTEX_POINT('',#1495);
#1495 = CARTESIAN_POINT('',(76.073,7.62,4.318));
#1496 = LINE('',#1497,#1498);
#1497 = CARTESIAN_POINT('',(76.073,14.986,4.318));
#1498 = VECTOR('',#1499,1.);
#1499 = DIRECTION('',(-0.,-1.,-0.));
#1500 = ORIENTED_EDGE('',*,*,#1501,.F.);
#1501 = EDGE_CURVE('',#1502,#1494,#1504,.T.);
#1502 = VERTEX_POINT('',#1503);
#1503 = CARTESIAN_POINT('',(75.493402774137,7.62,2.4892));
#1504 = CIRCLE('',#1505,3.175);
#1505 = AXIS2_PLACEMENT_3D('',#1506,#1507,#1508);
#1506 = CARTESIAN_POINT('',(72.898,7.62,4.318));
#1507 = DIRECTION('',(0.,-1.,0.));
#1508 = DIRECTION('',(8.741913579726E-15,0.,1.));
#1509 = ORIENTED_EDGE('',*,*,#1510,.F.);
#1510 = EDGE_CURVE('',#1468,#1502,#1511,.T.);
#1511 = LINE('',#1512,#1513);
#1512 = CARTESIAN_POINT('',(75.493402774137,14.986,2.4892));
#1513 = VECTOR('',#1514,1.);
#1514 = DIRECTION('',(0.,1.,0.));
#1515 = CYLINDRICAL_SURFACE('',#1516,3.175);
#1516 = AXIS2_PLACEMENT_3D('',#1517,#1518,#1519);
#1517 = CARTESIAN_POINT('',(72.898,14.986,4.318));
#1518 = DIRECTION('',(-0.,-1.,-0.));
#1519 = DIRECTION('',(0.,0.,-1.));
#1520 = ADVANCED_FACE('',(#1521),#1539,.F.);
#1521 = FACE_BOUND('',#1522,.T.);
#1522 = EDGE_LOOP('',(#1523,#1531,#1532,#1533));
#1523 = ORIENTED_EDGE('',*,*,#1524,.T.);
#1524 = EDGE_CURVE('',#1525,#1426,#1527,.T.);
#1525 = VERTEX_POINT('',#1526);
#1526 = CARTESIAN_POINT('',(72.898,0.,114.9096));
#1527 = LINE('',#1528,#1529);
#1528 = CARTESIAN_POINT('',(72.898,0.,114.9096));
#1529 = VECTOR('',#1530,1.);
#1530 = DIRECTION('',(-1.,0.,-2.253070510239E-16));
#1531 = ORIENTED_EDGE('',*,*,#1434,.F.);
#1532 = ORIENTED_EDGE('',*,*,#412,.F.);
#1533 = ORIENTED_EDGE('',*,*,#1534,.T.);
#1534 = EDGE_CURVE('',#413,#1525,#1535,.T.);
#1535 = LINE('',#1536,#1537);
#1536 = CARTESIAN_POINT('',(72.898,14.986,114.9096));
#1537 = VECTOR('',#1538,1.);
#1538 = DIRECTION('',(-0.,-1.,-0.));
#1539 = PLANE('',#1540);
#1540 = AXIS2_PLACEMENT_3D('',#1541,#1542,#1543);
#1541 = CARTESIAN_POINT('',(72.898,14.986,114.9096));
#1542 = DIRECTION('',(-2.253070510239E-16,0.,1.));
#1543 = DIRECTION('',(1.,0.,2.253070510239E-16));
#1544 = ADVANCED_FACE('',(#1545,#1579),#1652,.F.);
#1545 = FACE_BOUND('',#1546,.T.);
#1546 = EDGE_LOOP('',(#1547,#1557,#1565,#1573));
#1547 = ORIENTED_EDGE('',*,*,#1548,.T.);
#1548 = EDGE_CURVE('',#1549,#1551,#1553,.T.);
#1549 = VERTEX_POINT('',#1550);
#1550 = CARTESIAN_POINT('',(76.073,0.9906,62.1792));
#1551 = VERTEX_POINT('',#1552);
#1552 = CARTESIAN_POINT('',(76.073,0.9906,54.0512));
#1553 = LINE('',#1554,#1555);
#1554 = CARTESIAN_POINT('',(76.073,0.9906,111.7346));
#1555 = VECTOR('',#1556,1.);
#1556 = DIRECTION('',(1.29195932545E-16,-1.867474214419E-16,-1.));
#1557 = ORIENTED_EDGE('',*,*,#1558,.T.);
#1558 = EDGE_CURVE('',#1551,#1559,#1561,.T.);
#1559 = VERTEX_POINT('',#1560);
#1560 = CARTESIAN_POINT('',(76.073,7.62,54.0512));
#1561 = LINE('',#1562,#1563);
#1562 = CARTESIAN_POINT('',(76.073,14.986,54.0512));
#1563 = VECTOR('',#1564,1.);
#1564 = DIRECTION('',(0.,1.,0.));
#1565 = ORIENTED_EDGE('',*,*,#1566,.T.);
#1566 = EDGE_CURVE('',#1559,#1567,#1569,.T.);
#1567 = VERTEX_POINT('',#1568);
#1568 = CARTESIAN_POINT('',(76.073,7.62,62.1792));
#1569 = LINE('',#1570,#1571);
#1570 = CARTESIAN_POINT('',(76.073,7.62,111.7346));
#1571 = VECTOR('',#1572,1.);
#1572 = DIRECTION('',(-1.29195932545E-16,2.13425624505E-16,1.));
#1573 = ORIENTED_EDGE('',*,*,#1574,.T.);
#1574 = EDGE_CURVE('',#1567,#1549,#1575,.T.);
#1575 = LINE('',#1576,#1577);
#1576 = CARTESIAN_POINT('',(76.073,14.986,62.1792));
#1577 = VECTOR('',#1578,1.);
#1578 = DIRECTION('',(0.,-1.,0.));
#1579 = FACE_BOUND('',#1580,.T.);
#1580 = EDGE_LOOP('',(#1581,#1582,#1590,#1598,#1604,#1605,#1613,#1621,
    #1629,#1637,#1645,#1651));
#1581 = ORIENTED_EDGE('',*,*,#1493,.T.);
#1582 = ORIENTED_EDGE('',*,*,#1583,.T.);
#1583 = EDGE_CURVE('',#1494,#1584,#1586,.T.);
#1584 = VERTEX_POINT('',#1585);
#1585 = CARTESIAN_POINT('',(76.073,7.62,10.6172));
#1586 = LINE('',#1587,#1588);
#1587 = CARTESIAN_POINT('',(76.073,7.62,111.7346));
#1588 = VECTOR('',#1589,1.);
#1589 = DIRECTION('',(-1.29195932545E-16,0.,1.));
#1590 = ORIENTED_EDGE('',*,*,#1591,.T.);
#1591 = EDGE_CURVE('',#1584,#1592,#1594,.T.);
#1592 = VERTEX_POINT('',#1593);
#1593 = CARTESIAN_POINT('',(76.073,0.9906,10.6172));
#1594 = LINE('',#1595,#1596);
#1595 = CARTESIAN_POINT('',(76.073,14.986,10.6172));
#1596 = VECTOR('',#1597,1.);
#1597 = DIRECTION('',(3.380686294183E-32,-1.,-2.616712637609E-16));
#1598 = ORIENTED_EDGE('',*,*,#1599,.T.);
#1599 = EDGE_CURVE('',#1592,#1466,#1600,.T.);
#1600 = LINE('',#1601,#1602);
#1601 = CARTESIAN_POINT('',(76.073,0.9906,111.7346));
#1602 = VECTOR('',#1603,1.);
#1603 = DIRECTION('',(1.29195932545E-16,0.,-1.));
#1604 = ORIENTED_EDGE('',*,*,#1476,.T.);
#1605 = ORIENTED_EDGE('',*,*,#1606,.T.);
#1606 = EDGE_CURVE('',#1477,#1607,#1609,.T.);
#1607 = VERTEX_POINT('',#1608);
#1608 = CARTESIAN_POINT('',(76.073,0.,111.7346));
#1609 = LINE('',#1610,#1611);
#1610 = CARTESIAN_POINT('',(76.073,0.,111.7346));
#1611 = VECTOR('',#1612,1.);
#1612 = DIRECTION('',(-1.29195932545E-16,0.,1.));
#1613 = ORIENTED_EDGE('',*,*,#1614,.F.);
#1614 = EDGE_CURVE('',#1615,#1607,#1617,.T.);
#1615 = VERTEX_POINT('',#1616);
#1616 = CARTESIAN_POINT('',(76.073,0.9906,111.7346));
#1617 = LINE('',#1618,#1619);
#1618 = CARTESIAN_POINT('',(76.073,14.986,111.7346));
#1619 = VECTOR('',#1620,1.);
#1620 = DIRECTION('',(-0.,-1.,-0.));
#1621 = ORIENTED_EDGE('',*,*,#1622,.T.);
#1622 = EDGE_CURVE('',#1615,#1623,#1625,.T.);
#1623 = VERTEX_POINT('',#1624);
#1624 = CARTESIAN_POINT('',(76.073,0.9906,105.6132));
#1625 = LINE('',#1626,#1627);
#1626 = CARTESIAN_POINT('',(76.073,0.9906,111.7346));
#1627 = VECTOR('',#1628,1.);
#1628 = DIRECTION('',(1.29195932545E-16,-1.867474214419E-16,-1.));
#1629 = ORIENTED_EDGE('',*,*,#1630,.T.);
#1630 = EDGE_CURVE('',#1623,#1631,#1633,.T.);
#1631 = VERTEX_POINT('',#1632);
#1632 = CARTESIAN_POINT('',(76.073,7.62,105.6132));
#1633 = LINE('',#1634,#1635);
#1634 = CARTESIAN_POINT('',(76.073,14.986,105.6132));
#1635 = VECTOR('',#1636,1.);
#1636 = DIRECTION('',(0.,1.,0.));
#1637 = ORIENTED_EDGE('',*,*,#1638,.T.);
#1638 = EDGE_CURVE('',#1631,#1639,#1641,.T.);
#1639 = VERTEX_POINT('',#1640);
#1640 = CARTESIAN_POINT('',(76.073,7.62,111.7346));
#1641 = LINE('',#1642,#1643);
#1642 = CARTESIAN_POINT('',(76.073,7.62,111.7346));
#1643 = VECTOR('',#1644,1.);
#1644 = DIRECTION('',(-1.29195932545E-16,2.13425624505E-16,1.));
#1645 = ORIENTED_EDGE('',*,*,#1646,.F.);
#1646 = EDGE_CURVE('',#421,#1639,#1647,.T.);
#1647 = LINE('',#1648,#1649);
#1648 = CARTESIAN_POINT('',(76.073,14.986,111.7346));
#1649 = VECTOR('',#1650,1.);
#1650 = DIRECTION('',(-0.,-1.,-0.));
#1651 = ORIENTED_EDGE('',*,*,#429,.F.);
#1652 = PLANE('',#1653);
#1653 = AXIS2_PLACEMENT_3D('',#1654,#1655,#1656);
#1654 = CARTESIAN_POINT('',(76.073,14.986,111.7346));
#1655 = DIRECTION('',(1.,0.,1.29195932545E-16));
#1656 = DIRECTION('',(1.29195932545E-16,0.,-1.));
#1657 = ADVANCED_FACE('',(#1658),#1695,.F.);
#1658 = FACE_BOUND('',#1659,.F.);
#1659 = EDGE_LOOP('',(#1660,#1661,#1662,#1669,#1670,#1679,#1687,#1694));
#1660 = ORIENTED_EDGE('',*,*,#420,.T.);
#1661 = ORIENTED_EDGE('',*,*,#1534,.T.);
#1662 = ORIENTED_EDGE('',*,*,#1663,.F.);
#1663 = EDGE_CURVE('',#1607,#1525,#1664,.T.);
#1664 = CIRCLE('',#1665,3.175);
#1665 = AXIS2_PLACEMENT_3D('',#1666,#1667,#1668);
#1666 = CARTESIAN_POINT('',(72.898,0.,111.7346));
#1667 = DIRECTION('',(0.,-1.,0.));
#1668 = DIRECTION('',(0.,0.,1.));
#1669 = ORIENTED_EDGE('',*,*,#1614,.F.);
#1670 = ORIENTED_EDGE('',*,*,#1671,.F.);
#1671 = EDGE_CURVE('',#1672,#1615,#1674,.T.);
#1672 = VERTEX_POINT('',#1673);
#1673 = CARTESIAN_POINT('',(75.358524626985,0.9906,113.7412));
#1674 = CIRCLE('',#1675,3.175);
#1675 = AXIS2_PLACEMENT_3D('',#1676,#1677,#1678);
#1676 = CARTESIAN_POINT('',(72.898,0.9906,111.7346));
#1677 = DIRECTION('',(0.,1.,-1.867474214419E-16));
#1678 = DIRECTION('',(0.,-1.867474214419E-16,-1.));
#1679 = ORIENTED_EDGE('',*,*,#1680,.F.);
#1680 = EDGE_CURVE('',#1681,#1672,#1683,.T.);
#1681 = VERTEX_POINT('',#1682);
#1682 = CARTESIAN_POINT('',(75.358524626985,7.62,113.7412));
#1683 = LINE('',#1684,#1685);
#1684 = CARTESIAN_POINT('',(75.358524626985,14.986,113.7412));
#1685 = VECTOR('',#1686,1.);
#1686 = DIRECTION('',(-0.,-1.,-0.));
#1687 = ORIENTED_EDGE('',*,*,#1688,.F.);
#1688 = EDGE_CURVE('',#1639,#1681,#1689,.T.);
#1689 = CIRCLE('',#1690,3.175);
#1690 = AXIS2_PLACEMENT_3D('',#1691,#1692,#1693);
#1691 = CARTESIAN_POINT('',(72.898,7.62,111.7346));
#1692 = DIRECTION('',(0.,-1.,2.13425624505E-16));
#1693 = DIRECTION('',(0.,2.13425624505E-16,1.));
#1694 = ORIENTED_EDGE('',*,*,#1646,.F.);
#1695 = CYLINDRICAL_SURFACE('',#1696,3.175);
#1696 = AXIS2_PLACEMENT_3D('',#1697,#1698,#1699);
#1697 = CARTESIAN_POINT('',(72.898,14.986,111.7346));
#1698 = DIRECTION('',(-0.,-1.,-0.));
#1699 = DIRECTION('',(0.,0.,-1.));
#1700 = ADVANCED_FACE('',(#1701),#1719,.F.);
#1701 = FACE_BOUND('',#1702,.T.);
#1702 = EDGE_LOOP('',(#1703,#1704,#1710,#1711,#1712,#1718));
#1703 = ORIENTED_EDGE('',*,*,#641,.T.);
#1704 = ORIENTED_EDGE('',*,*,#1705,.F.);
#1705 = EDGE_CURVE('',#1248,#632,#1706,.T.);
#1706 = LINE('',#1707,#1708);
#1707 = CARTESIAN_POINT('',(84.201,7.62,2.4892));
#1708 = VECTOR('',#1709,1.);
#1709 = DIRECTION('',(-1.,-0.,-0.));
#1710 = ORIENTED_EDGE('',*,*,#1255,.F.);
#1711 = ORIENTED_EDGE('',*,*,#1322,.F.);
#1712 = ORIENTED_EDGE('',*,*,#1713,.T.);
#1713 = EDGE_CURVE('',#1315,#503,#1714,.T.);
#1714 = LINE('',#1715,#1716);
#1715 = CARTESIAN_POINT('',(84.201,7.62,10.6172));
#1716 = VECTOR('',#1717,1.);
#1717 = DIRECTION('',(-1.,-0.,-0.));
#1718 = ORIENTED_EDGE('',*,*,#502,.F.);
#1719 = PLANE('',#1720);
#1720 = AXIS2_PLACEMENT_3D('',#1721,#1722,#1723);
#1721 = CARTESIAN_POINT('',(84.201,7.62,2.4892));
#1722 = DIRECTION('',(0.,1.,0.));
#1723 = DIRECTION('',(0.,0.,1.));
#1724 = ADVANCED_FACE('',(#1725),#1761,.F.);
#1725 = FACE_BOUND('',#1726,.T.);
#1726 = EDGE_LOOP('',(#1727,#1735,#1743,#1751,#1758,#1759,#1760));
#1727 = ORIENTED_EDGE('',*,*,#1728,.T.);
#1728 = EDGE_CURVE('',#1313,#1729,#1731,.T.);
#1729 = VERTEX_POINT('',#1730);
#1730 = CARTESIAN_POINT('',(0.,0.9906,10.6172));
#1731 = LINE('',#1732,#1733);
#1732 = CARTESIAN_POINT('',(84.201,0.9906,10.6172));
#1733 = VECTOR('',#1734,1.);
#1734 = DIRECTION('',(-1.,-0.,-0.));
#1735 = ORIENTED_EDGE('',*,*,#1736,.T.);
#1736 = EDGE_CURVE('',#1729,#1737,#1739,.T.);
#1737 = VERTEX_POINT('',#1738);
#1738 = CARTESIAN_POINT('',(0.,2.0955,10.6172));
#1739 = LINE('',#1740,#1741);
#1740 = CARTESIAN_POINT('',(0.,7.62,10.6172));
#1741 = VECTOR('',#1742,1.);
#1742 = DIRECTION('',(0.,1.,2.616712637609E-16));
#1743 = ORIENTED_EDGE('',*,*,#1744,.F.);
#1744 = EDGE_CURVE('',#1745,#1737,#1747,.T.);
#1745 = VERTEX_POINT('',#1746);
#1746 = CARTESIAN_POINT('',(6.223,2.0955,10.6172));
#1747 = LINE('',#1748,#1749);
#1748 = CARTESIAN_POINT('',(0.,2.0955,10.6172));
#1749 = VECTOR('',#1750,1.);
#1750 = DIRECTION('',(-1.,0.,0.));
#1751 = ORIENTED_EDGE('',*,*,#1752,.F.);
#1752 = EDGE_CURVE('',#511,#1745,#1753,.T.);
#1753 = CIRCLE('',#1754,0.762);
#1754 = AXIS2_PLACEMENT_3D('',#1755,#1756,#1757);
#1755 = CARTESIAN_POINT('',(6.223,2.8575,10.6172));
#1756 = DIRECTION('',(0.,2.616712637609E-16,-1.));
#1757 = DIRECTION('',(0.,-1.,-2.616712637609E-16));
#1758 = ORIENTED_EDGE('',*,*,#510,.F.);
#1759 = ORIENTED_EDGE('',*,*,#1713,.F.);
#1760 = ORIENTED_EDGE('',*,*,#1312,.F.);
#1761 = PLANE('',#1762);
#1762 = AXIS2_PLACEMENT_3D('',#1763,#1764,#1765);
#1763 = CARTESIAN_POINT('',(84.201,7.62,10.6172));
#1764 = DIRECTION('',(0.,-2.616712637609E-16,1.));
#1765 = DIRECTION('',(0.,-1.,-2.616712637609E-16));
#1766 = ADVANCED_FACE('',(#1767),#1786,.F.);
#1767 = FACE_BOUND('',#1768,.F.);
#1768 = EDGE_LOOP('',(#1769,#1778,#1784,#1785));
#1769 = ORIENTED_EDGE('',*,*,#1770,.F.);
#1770 = EDGE_CURVE('',#1771,#519,#1773,.T.);
#1771 = VERTEX_POINT('',#1772);
#1772 = CARTESIAN_POINT('',(6.223,2.0955,54.0512));
#1773 = CIRCLE('',#1774,0.762);
#1774 = AXIS2_PLACEMENT_3D('',#1775,#1776,#1777);
#1775 = CARTESIAN_POINT('',(6.223,2.8575,54.0512));
#1776 = DIRECTION('',(0.,-0.,1.));
#1777 = DIRECTION('',(-1.,0.,0.));
#1778 = ORIENTED_EDGE('',*,*,#1779,.T.);
#1779 = EDGE_CURVE('',#1771,#1745,#1780,.T.);
#1780 = LINE('',#1781,#1782);
#1781 = CARTESIAN_POINT('',(6.223,2.0955,4.318));
#1782 = VECTOR('',#1783,1.);
#1783 = DIRECTION('',(0.,0.,-1.));
#1784 = ORIENTED_EDGE('',*,*,#1752,.F.);
#1785 = ORIENTED_EDGE('',*,*,#518,.T.);
#1786 = CYLINDRICAL_SURFACE('',#1787,0.762);
#1787 = AXIS2_PLACEMENT_3D('',#1788,#1789,#1790);
#1788 = CARTESIAN_POINT('',(6.223,2.8575,116.0526));
#1789 = DIRECTION('',(0.,0.,1.));
#1790 = DIRECTION('',(1.,0.,0.));
#1791 = ADVANCED_FACE('',(#1792),#1825,.F.);
#1792 = FACE_BOUND('',#1793,.T.);
#1793 = EDGE_LOOP('',(#1794,#1800,#1801,#1802,#1810,#1818,#1824));
#1794 = ORIENTED_EDGE('',*,*,#1795,.T.);
#1795 = EDGE_CURVE('',#1281,#527,#1796,.T.);
#1796 = LINE('',#1797,#1798);
#1797 = CARTESIAN_POINT('',(84.201,7.62,54.0512));
#1798 = VECTOR('',#1799,1.);
#1799 = DIRECTION('',(-1.,-0.,-0.));
#1800 = ORIENTED_EDGE('',*,*,#526,.F.);
#1801 = ORIENTED_EDGE('',*,*,#1770,.F.);
#1802 = ORIENTED_EDGE('',*,*,#1803,.F.);
#1803 = EDGE_CURVE('',#1804,#1771,#1806,.T.);
#1804 = VERTEX_POINT('',#1805);
#1805 = CARTESIAN_POINT('',(0.,2.0955,54.0512));
#1806 = LINE('',#1807,#1808);
#1807 = CARTESIAN_POINT('',(0.,2.0955,54.0512));
#1808 = VECTOR('',#1809,1.);
#1809 = DIRECTION('',(1.,0.,0.));
#1810 = ORIENTED_EDGE('',*,*,#1811,.T.);
#1811 = EDGE_CURVE('',#1804,#1812,#1814,.T.);
#1812 = VERTEX_POINT('',#1813);
#1813 = CARTESIAN_POINT('',(0.,0.9906,54.0512));
#1814 = LINE('',#1815,#1816);
#1815 = CARTESIAN_POINT('',(0.,7.62,54.0512));
#1816 = VECTOR('',#1817,1.);
#1817 = DIRECTION('',(0.,-1.,0.));
#1818 = ORIENTED_EDGE('',*,*,#1819,.F.);
#1819 = EDGE_CURVE('',#1289,#1812,#1820,.T.);
#1820 = LINE('',#1821,#1822);
#1821 = CARTESIAN_POINT('',(84.201,0.9906,54.0512));
#1822 = VECTOR('',#1823,1.);
#1823 = DIRECTION('',(-1.,-0.,-0.));
#1824 = ORIENTED_EDGE('',*,*,#1288,.F.);
#1825 = PLANE('',#1826);
#1826 = AXIS2_PLACEMENT_3D('',#1827,#1828,#1829);
#1827 = CARTESIAN_POINT('',(84.201,7.62,54.0512));
#1828 = DIRECTION('',(0.,0.,-1.));
#1829 = DIRECTION('',(-1.,0.,0.));
#1830 = ADVANCED_FACE('',(#1831),#1842,.F.);
#1831 = FACE_BOUND('',#1832,.T.);
#1832 = EDGE_LOOP('',(#1833,#1834,#1835,#1841));
#1833 = ORIENTED_EDGE('',*,*,#1795,.F.);
#1834 = ORIENTED_EDGE('',*,*,#1278,.F.);
#1835 = ORIENTED_EDGE('',*,*,#1836,.T.);
#1836 = EDGE_CURVE('',#1279,#535,#1837,.T.);
#1837 = LINE('',#1838,#1839);
#1838 = CARTESIAN_POINT('',(84.201,7.62,62.1792));
#1839 = VECTOR('',#1840,1.);
#1840 = DIRECTION('',(-1.,-0.,-0.));
#1841 = ORIENTED_EDGE('',*,*,#534,.F.);
#1842 = PLANE('',#1843);
#1843 = AXIS2_PLACEMENT_3D('',#1844,#1845,#1846);
#1844 = CARTESIAN_POINT('',(84.201,7.62,54.0512));
#1845 = DIRECTION('',(0.,1.,-2.13425624505E-16));
#1846 = DIRECTION('',(0.,2.13425624505E-16,1.));
#1847 = ADVANCED_FACE('',(#1848),#1884,.F.);
#1848 = FACE_BOUND('',#1849,.T.);
#1849 = EDGE_LOOP('',(#1850,#1858,#1866,#1874,#1881,#1882,#1883));
#1850 = ORIENTED_EDGE('',*,*,#1851,.T.);
#1851 = EDGE_CURVE('',#1297,#1852,#1854,.T.);
#1852 = VERTEX_POINT('',#1853);
#1853 = CARTESIAN_POINT('',(0.,0.9906,62.1792));
#1854 = LINE('',#1855,#1856);
#1855 = CARTESIAN_POINT('',(84.201,0.9906,62.1792));
#1856 = VECTOR('',#1857,1.);
#1857 = DIRECTION('',(-1.,-0.,-0.));
#1858 = ORIENTED_EDGE('',*,*,#1859,.T.);
#1859 = EDGE_CURVE('',#1852,#1860,#1862,.T.);
#1860 = VERTEX_POINT('',#1861);
#1861 = CARTESIAN_POINT('',(0.,2.0955,62.1792));
#1862 = LINE('',#1863,#1864);
#1863 = CARTESIAN_POINT('',(0.,7.62,62.1792));
#1864 = VECTOR('',#1865,1.);
#1865 = DIRECTION('',(0.,1.,0.));
#1866 = ORIENTED_EDGE('',*,*,#1867,.F.);
#1867 = EDGE_CURVE('',#1868,#1860,#1870,.T.);
#1868 = VERTEX_POINT('',#1869);
#1869 = CARTESIAN_POINT('',(6.223,2.0955,62.1792));
#1870 = LINE('',#1871,#1872);
#1871 = CARTESIAN_POINT('',(0.,2.0955,62.1792));
#1872 = VECTOR('',#1873,1.);
#1873 = DIRECTION('',(-1.,0.,0.));
#1874 = ORIENTED_EDGE('',*,*,#1875,.F.);
#1875 = EDGE_CURVE('',#543,#1868,#1876,.T.);
#1876 = CIRCLE('',#1877,0.762);
#1877 = AXIS2_PLACEMENT_3D('',#1878,#1879,#1880);
#1878 = CARTESIAN_POINT('',(6.223,2.8575,62.1792));
#1879 = DIRECTION('',(0.,0.,-1.));
#1880 = DIRECTION('',(1.,0.,0.));
#1881 = ORIENTED_EDGE('',*,*,#542,.F.);
#1882 = ORIENTED_EDGE('',*,*,#1836,.F.);
#1883 = ORIENTED_EDGE('',*,*,#1304,.F.);
#1884 = PLANE('',#1885);
#1885 = AXIS2_PLACEMENT_3D('',#1886,#1887,#1888);
#1886 = CARTESIAN_POINT('',(84.201,7.62,62.1792));
#1887 = DIRECTION('',(0.,0.,1.));
#1888 = DIRECTION('',(1.,0.,0.));
#1889 = ADVANCED_FACE('',(#1890),#1909,.F.);
#1890 = FACE_BOUND('',#1891,.F.);
#1891 = EDGE_LOOP('',(#1892,#1901,#1907,#1908));
#1892 = ORIENTED_EDGE('',*,*,#1893,.F.);
#1893 = EDGE_CURVE('',#1894,#551,#1896,.T.);
#1894 = VERTEX_POINT('',#1895);
#1895 = CARTESIAN_POINT('',(6.223,2.0955,105.6132));
#1896 = CIRCLE('',#1897,0.762);
#1897 = AXIS2_PLACEMENT_3D('',#1898,#1899,#1900);
#1898 = CARTESIAN_POINT('',(6.223,2.8575,105.6132));
#1899 = DIRECTION('',(0.,-0.,1.));
#1900 = DIRECTION('',(-1.,0.,0.));
#1901 = ORIENTED_EDGE('',*,*,#1902,.T.);
#1902 = EDGE_CURVE('',#1894,#1868,#1903,.T.);
#1903 = LINE('',#1904,#1905);
#1904 = CARTESIAN_POINT('',(6.223,2.0955,4.318));
#1905 = VECTOR('',#1906,1.);
#1906 = DIRECTION('',(0.,0.,-1.));
#1907 = ORIENTED_EDGE('',*,*,#1875,.F.);
#1908 = ORIENTED_EDGE('',*,*,#550,.T.);
#1909 = CYLINDRICAL_SURFACE('',#1910,0.762);
#1910 = AXIS2_PLACEMENT_3D('',#1911,#1912,#1913);
#1911 = CARTESIAN_POINT('',(6.223,2.8575,116.0526));
#1912 = DIRECTION('',(0.,0.,1.));
#1913 = DIRECTION('',(1.,0.,0.));
#1914 = ADVANCED_FACE('',(#1915),#1948,.F.);
#1915 = FACE_BOUND('',#1916,.T.);
#1916 = EDGE_LOOP('',(#1917,#1923,#1924,#1925,#1933,#1941,#1947));
#1917 = ORIENTED_EDGE('',*,*,#1918,.T.);
#1918 = EDGE_CURVE('',#1339,#559,#1919,.T.);
#1919 = LINE('',#1920,#1921);
#1920 = CARTESIAN_POINT('',(84.201,7.62,105.6132));
#1921 = VECTOR('',#1922,1.);
#1922 = DIRECTION('',(-1.,-0.,-0.));
#1923 = ORIENTED_EDGE('',*,*,#558,.F.);
#1924 = ORIENTED_EDGE('',*,*,#1893,.F.);
#1925 = ORIENTED_EDGE('',*,*,#1926,.F.);
#1926 = EDGE_CURVE('',#1927,#1894,#1929,.T.);
#1927 = VERTEX_POINT('',#1928);
#1928 = CARTESIAN_POINT('',(0.,2.0955,105.6132));
#1929 = LINE('',#1930,#1931);
#1930 = CARTESIAN_POINT('',(0.,2.0955,105.6132));
#1931 = VECTOR('',#1932,1.);
#1932 = DIRECTION('',(1.,0.,0.));
#1933 = ORIENTED_EDGE('',*,*,#1934,.T.);
#1934 = EDGE_CURVE('',#1927,#1935,#1937,.T.);
#1935 = VERTEX_POINT('',#1936);
#1936 = CARTESIAN_POINT('',(0.,0.9906,105.6132));
#1937 = LINE('',#1938,#1939);
#1938 = CARTESIAN_POINT('',(0.,7.62,105.6132));
#1939 = VECTOR('',#1940,1.);
#1940 = DIRECTION('',(0.,-1.,0.));
#1941 = ORIENTED_EDGE('',*,*,#1942,.F.);
#1942 = EDGE_CURVE('',#1347,#1935,#1943,.T.);
#1943 = LINE('',#1944,#1945);
#1944 = CARTESIAN_POINT('',(84.201,0.9906,105.6132));
#1945 = VECTOR('',#1946,1.);
#1946 = DIRECTION('',(-1.,-0.,-0.));
#1947 = ORIENTED_EDGE('',*,*,#1346,.F.);
#1948 = PLANE('',#1949);
#1949 = AXIS2_PLACEMENT_3D('',#1950,#1951,#1952);
#1950 = CARTESIAN_POINT('',(84.201,7.62,105.6132));
#1951 = DIRECTION('',(0.,0.,-1.));
#1952 = DIRECTION('',(-1.,0.,0.));
#1953 = ADVANCED_FACE('',(#1954),#1967,.F.);
#1954 = FACE_BOUND('',#1955,.T.);
#1955 = EDGE_LOOP('',(#1956,#1957,#1958,#1959,#1965,#1966));
#1956 = ORIENTED_EDGE('',*,*,#1918,.F.);
#1957 = ORIENTED_EDGE('',*,*,#1338,.F.);
#1958 = ORIENTED_EDGE('',*,*,#1442,.F.);
#1959 = ORIENTED_EDGE('',*,*,#1960,.T.);
#1960 = EDGE_CURVE('',#1443,#590,#1961,.T.);
#1961 = LINE('',#1962,#1963);
#1962 = CARTESIAN_POINT('',(84.201,7.62,113.7412));
#1963 = VECTOR('',#1964,1.);
#1964 = DIRECTION('',(-1.,-0.,-0.));
#1965 = ORIENTED_EDGE('',*,*,#589,.T.);
#1966 = ORIENTED_EDGE('',*,*,#566,.F.);
#1967 = PLANE('',#1968);
#1968 = AXIS2_PLACEMENT_3D('',#1969,#1970,#1971);
#1969 = CARTESIAN_POINT('',(84.201,7.62,105.6132));
#1970 = DIRECTION('',(0.,1.,-2.13425624505E-16));
#1971 = DIRECTION('',(0.,2.13425624505E-16,1.));
#1972 = ADVANCED_FACE('',(#1973),#2013,.F.);
#1973 = FACE_BOUND('',#1974,.T.);
#1974 = EDGE_LOOP('',(#1975,#1983,#1991,#1999,#2010,#2011,#2012));
#1975 = ORIENTED_EDGE('',*,*,#1976,.T.);
#1976 = EDGE_CURVE('',#1416,#1977,#1979,.T.);
#1977 = VERTEX_POINT('',#1978);
#1978 = CARTESIAN_POINT('',(3.962144208982,0.9906,113.7412));
#1979 = LINE('',#1980,#1981);
#1980 = CARTESIAN_POINT('',(84.201,0.9906,113.7412));
#1981 = VECTOR('',#1982,1.);
#1982 = DIRECTION('',(-1.,-0.,-0.));
#1983 = ORIENTED_EDGE('',*,*,#1984,.T.);
#1984 = EDGE_CURVE('',#1977,#1985,#1987,.T.);
#1985 = VERTEX_POINT('',#1986);
#1986 = CARTESIAN_POINT('',(3.962144208982,2.0955,113.7412));
#1987 = LINE('',#1988,#1989);
#1988 = CARTESIAN_POINT('',(3.962144208982,7.62,113.7412));
#1989 = VECTOR('',#1990,1.);
#1990 = DIRECTION('',(0.,1.,0.));
#1991 = ORIENTED_EDGE('',*,*,#1992,.F.);
#1992 = EDGE_CURVE('',#1993,#1985,#1995,.T.);
#1993 = VERTEX_POINT('',#1994);
#1994 = CARTESIAN_POINT('',(6.636099911076,2.0955,113.7412));
#1995 = LINE('',#1996,#1997);
#1996 = CARTESIAN_POINT('',(0.,2.0955,113.7412));
#1997 = VECTOR('',#1998,1.);
#1998 = DIRECTION('',(-1.,0.,0.));
#1999 = ORIENTED_EDGE('',*,*,#2000,.F.);
#2000 = EDGE_CURVE('',#599,#1993,#2001,.T.);
#2001 = B_SPLINE_CURVE_WITH_KNOTS('',3,(#2002,#2003,#2004,#2005,#2006,
    #2007,#2008,#2009),.UNSPECIFIED.,.F.,.F.,(4,2,2,4),(
    3.622704953646E-03,3.935326136015E-03,4.247947318384E-03,
    4.873189683123E-03),.UNSPECIFIED.);
#2002 = CARTESIAN_POINT('',(7.479561699203,2.8575,113.7412));
#2003 = CARTESIAN_POINT('',(7.479561699203,2.753028609779,113.7412));
#2004 = CARTESIAN_POINT('',(7.454463539112,2.648014201569,113.7412));
#2005 = CARTESIAN_POINT('',(7.362295594704,2.459504083377,113.7412));
#2006 = CARTESIAN_POINT('',(7.29571098905,2.375525490907,113.7412));
#2007 = CARTESIAN_POINT('',(7.055444072017,2.169279396646,113.7412));
#2008 = CARTESIAN_POINT('',(6.846362440024,2.0955,113.7412));
#2009 = CARTESIAN_POINT('',(6.636099911076,2.0955,113.7412));
#2010 = ORIENTED_EDGE('',*,*,#598,.T.);
#2011 = ORIENTED_EDGE('',*,*,#1960,.F.);
#2012 = ORIENTED_EDGE('',*,*,#1451,.F.);
#2013 = PLANE('',#2014);
#2014 = AXIS2_PLACEMENT_3D('',#2015,#2016,#2017);
#2015 = CARTESIAN_POINT('',(84.201,7.62,113.7412));
#2016 = DIRECTION('',(0.,0.,1.));
#2017 = DIRECTION('',(1.,0.,0.));
#2018 = ADVANCED_FACE('',(#2019),#2031,.F.);
#2019 = FACE_BOUND('',#2020,.F.);
#2020 = EDGE_LOOP('',(#2021,#2022,#2029,#2030));
#2021 = ORIENTED_EDGE('',*,*,#738,.T.);
#2022 = ORIENTED_EDGE('',*,*,#2023,.T.);
#2023 = EDGE_CURVE('',#674,#1993,#2024,.T.);
#2024 = CIRCLE('',#2025,5.08);
#2025 = AXIS2_PLACEMENT_3D('',#2026,#2027,#2028);
#2026 = CARTESIAN_POINT('',(11.303,2.0955,111.7346));
#2027 = DIRECTION('',(0.,-1.,0.));
#2028 = DIRECTION('',(0.,0.,-1.));
#2029 = ORIENTED_EDGE('',*,*,#2000,.F.);
#2030 = ORIENTED_EDGE('',*,*,#606,.T.);
#2031 = TOROIDAL_SURFACE('',#2032,5.08,0.762);
#2032 = AXIS2_PLACEMENT_3D('',#2033,#2034,#2035);
#2033 = CARTESIAN_POINT('',(11.303,2.8575,111.7346));
#2034 = DIRECTION('',(0.,-1.,0.));
#2035 = DIRECTION('',(0.,0.,-1.));
#2036 = ADVANCED_FACE('',(#2037),#2079,.F.);
#2037 = FACE_BOUND('',#2038,.T.);
#2038 = EDGE_LOOP('',(#2039,#2049,#2057,#2063,#2064,#2065,#2066));
#2039 = ORIENTED_EDGE('',*,*,#2040,.F.);
#2040 = EDGE_CURVE('',#2041,#2043,#2045,.T.);
#2041 = VERTEX_POINT('',#2042);
#2042 = CARTESIAN_POINT('',(3.962144208982,2.0955,2.4892));
#2043 = VERTEX_POINT('',#2044);
#2044 = CARTESIAN_POINT('',(6.56360229987,2.0955,2.4892));
#2045 = LINE('',#2046,#2047);
#2046 = CARTESIAN_POINT('',(0.,2.0955,2.4892));
#2047 = VECTOR('',#2048,1.);
#2048 = DIRECTION('',(1.,0.,0.));
#2049 = ORIENTED_EDGE('',*,*,#2050,.T.);
#2050 = EDGE_CURVE('',#2041,#2051,#2053,.T.);
#2051 = VERTEX_POINT('',#2052);
#2052 = CARTESIAN_POINT('',(3.962144208982,0.9906,2.4892));
#2053 = LINE('',#2054,#2055);
#2054 = CARTESIAN_POINT('',(3.962144208982,7.62,2.4892));
#2055 = VECTOR('',#2056,1.);
#2056 = DIRECTION('',(-1.559238343329E-16,-1.,1.308356318805E-16));
#2057 = ORIENTED_EDGE('',*,*,#2058,.F.);
#2058 = EDGE_CURVE('',#1239,#2051,#2059,.T.);
#2059 = LINE('',#2060,#2061);
#2060 = CARTESIAN_POINT('',(84.201,0.9906,2.4892));
#2061 = VECTOR('',#2062,1.);
#2062 = DIRECTION('',(-1.,-0.,-0.));
#2063 = ORIENTED_EDGE('',*,*,#1247,.F.);
#2064 = ORIENTED_EDGE('',*,*,#1705,.T.);
#2065 = ORIENTED_EDGE('',*,*,#631,.T.);
#2066 = ORIENTED_EDGE('',*,*,#2067,.F.);
#2067 = EDGE_CURVE('',#2043,#634,#2068,.T.);
#2068 = B_SPLINE_CURVE_WITH_KNOTS('',3,(#2069,#2070,#2071,#2072,#2073,
    #2074,#2075,#2076,#2077,#2078),.UNSPECIFIED.,.F.,.F.,(4,2,2,2,4),(
    2.546497552723E-05,3.359961307478E-04,6.465272859683E-04,
    9.570584411889E-04,1.267589596409E-03),.UNSPECIFIED.);
#2069 = CARTESIAN_POINT('',(6.56360229987,2.0955,2.4892));
#2070 = CARTESIAN_POINT('',(6.668120195791,2.0955,2.4892));
#2071 = CARTESIAN_POINT('',(6.771406734089,2.114059920101,2.4892));
#2072 = CARTESIAN_POINT('',(6.966882864725,2.186578969728,2.4892));
#2073 = CARTESIAN_POINT('',(7.057705325752,2.240228310442,2.4892));
#2074 = CARTESIAN_POINT('',(7.213562830726,2.377893875905,2.4892));
#2075 = CARTESIAN_POINT('',(7.278312980434,2.462114412939,2.4892));
#2076 = CARTESIAN_POINT('',(7.367223750733,2.649495116295,2.4892));
#2077 = CARTESIAN_POINT('',(7.3914,2.753858400085,2.4892));
#2078 = CARTESIAN_POINT('',(7.3914,2.8575,2.4892));
#2079 = PLANE('',#2080);
#2080 = AXIS2_PLACEMENT_3D('',#2081,#2082,#2083);
#2081 = CARTESIAN_POINT('',(84.201,7.62,2.4892));
#2082 = DIRECTION('',(0.,-1.308356318805E-16,-1.));
#2083 = DIRECTION('',(0.,1.,-1.308356318805E-16));
#2084 = ADVANCED_FACE('',(#2085),#2097,.F.);
#2085 = FACE_BOUND('',#2086,.F.);
#2086 = EDGE_LOOP('',(#2087,#2088,#2089,#2090));
#2087 = ORIENTED_EDGE('',*,*,#775,.T.);
#2088 = ORIENTED_EDGE('',*,*,#658,.T.);
#2089 = ORIENTED_EDGE('',*,*,#2067,.F.);
#2090 = ORIENTED_EDGE('',*,*,#2091,.T.);
#2091 = EDGE_CURVE('',#2043,#768,#2092,.T.);
#2092 = CIRCLE('',#2093,5.08);
#2093 = AXIS2_PLACEMENT_3D('',#2094,#2095,#2096);
#2094 = CARTESIAN_POINT('',(11.303,2.0955,4.318));
#2095 = DIRECTION('',(0.,-1.,0.));
#2096 = DIRECTION('',(0.,0.,-1.));
#2097 = TOROIDAL_SURFACE('',#2098,5.08,0.762);
#2098 = AXIS2_PLACEMENT_3D('',#2099,#2100,#2101);
#2099 = CARTESIAN_POINT('',(11.303,2.8575,4.318));
#2100 = DIRECTION('',(0.,-1.,0.));
#2101 = DIRECTION('',(0.,0.,-1.));
#2102 = ADVANCED_FACE('',(#2103),#2114,.F.);
#2103 = FACE_BOUND('',#2104,.T.);
#2104 = EDGE_LOOP('',(#2105,#2106,#2112,#2113));
#2105 = ORIENTED_EDGE('',*,*,#1992,.T.);
#2106 = ORIENTED_EDGE('',*,*,#2107,.T.);
#2107 = EDGE_CURVE('',#1985,#676,#2108,.T.);
#2108 = LINE('',#2109,#2110);
#2109 = CARTESIAN_POINT('',(2.775204863875,2.0955,112.74523963329));
#2110 = VECTOR('',#2111,1.);
#2111 = DIRECTION('',(0.766044443119,0.,0.642787609687));
#2112 = ORIENTED_EDGE('',*,*,#673,.F.);
#2113 = ORIENTED_EDGE('',*,*,#2023,.T.);
#2114 = PLANE('',#2115);
#2115 = AXIS2_PLACEMENT_3D('',#2116,#2117,#2118);
#2116 = CARTESIAN_POINT('',(0.,2.0955,116.0526));
#2117 = DIRECTION('',(0.,-1.,0.));
#2118 = DIRECTION('',(0.,0.,-1.));
#2119 = ADVANCED_FACE('',(#2120),#2147,.F.);
#2120 = FACE_BOUND('',#2121,.T.);
#2121 = EDGE_LOOP('',(#2122,#2123,#2131,#2139,#2145,#2146));
#2122 = ORIENTED_EDGE('',*,*,#1984,.F.);
#2123 = ORIENTED_EDGE('',*,*,#2124,.F.);
#2124 = EDGE_CURVE('',#2125,#1977,#2127,.T.);
#2125 = VERTEX_POINT('',#2126);
#2126 = CARTESIAN_POINT('',(0.,0.9906,110.41656625557));
#2127 = LINE('',#2128,#2129);
#2128 = CARTESIAN_POINT('',(47.045978939344,0.9906,149.89282983195));
#2129 = VECTOR('',#2130,1.);
#2130 = DIRECTION('',(0.766044443119,1.200389286438E-16,0.642787609687)
  );
#2131 = ORIENTED_EDGE('',*,*,#2132,.F.);
#2132 = EDGE_CURVE('',#2133,#2125,#2135,.T.);
#2133 = VERTEX_POINT('',#2134);
#2134 = CARTESIAN_POINT('',(0.,0.,110.41656625557));
#2135 = LINE('',#2136,#2137);
#2136 = CARTESIAN_POINT('',(0.,0.,110.41656625557));
#2137 = VECTOR('',#2138,1.);
#2138 = DIRECTION('',(0.,1.,0.));
#2139 = ORIENTED_EDGE('',*,*,#2140,.F.);
#2140 = EDGE_CURVE('',#684,#2133,#2141,.T.);
#2141 = LINE('',#2142,#2143);
#2142 = CARTESIAN_POINT('',(0.,0.,110.41656625557));
#2143 = VECTOR('',#2144,1.);
#2144 = DIRECTION('',(-0.766044443119,-0.,-0.642787609687));
#2145 = ORIENTED_EDGE('',*,*,#683,.T.);
#2146 = ORIENTED_EDGE('',*,*,#2107,.F.);
#2147 = PLANE('',#2148);
#2148 = AXIS2_PLACEMENT_3D('',#2149,#2150,#2151);
#2149 = CARTESIAN_POINT('',(0.,0.,110.41656625557));
#2150 = DIRECTION('',(0.642787609687,0.,-0.766044443119));
#2151 = DIRECTION('',(-0.766044443119,0.,-0.642787609687));
#2152 = ADVANCED_FACE('',(#2153,#2173,#2193,#2213,#2233,#2253,#2273,
    #2283),#2324,.F.);
#2153 = FACE_BOUND('',#2154,.T.);
#2154 = EDGE_LOOP('',(#2155,#2166));
#2155 = ORIENTED_EDGE('',*,*,#2156,.T.);
#2156 = EDGE_CURVE('',#2157,#2159,#2161,.T.);
#2157 = VERTEX_POINT('',#2158);
#2158 = CARTESIAN_POINT('',(4.7752,0.,8.7249));
#2159 = VERTEX_POINT('',#2160);
#2160 = CARTESIAN_POINT('',(4.7752,0.,4.3815));
#2161 = CIRCLE('',#2162,2.1717);
#2162 = AXIS2_PLACEMENT_3D('',#2163,#2164,#2165);
#2163 = CARTESIAN_POINT('',(4.7752,0.,6.5532));
#2164 = DIRECTION('',(0.,1.,0.));
#2165 = DIRECTION('',(0.,0.,1.));
#2166 = ORIENTED_EDGE('',*,*,#2167,.T.);
#2167 = EDGE_CURVE('',#2159,#2157,#2168,.T.);
#2168 = CIRCLE('',#2169,2.1717);
#2169 = AXIS2_PLACEMENT_3D('',#2170,#2171,#2172);
#2170 = CARTESIAN_POINT('',(4.7752,0.,6.5532));
#2171 = DIRECTION('',(0.,1.,0.));
#2172 = DIRECTION('',(0.,0.,1.));
#2173 = FACE_BOUND('',#2174,.T.);
#2174 = EDGE_LOOP('',(#2175,#2186));
#2175 = ORIENTED_EDGE('',*,*,#2176,.T.);
#2176 = EDGE_CURVE('',#2177,#2179,#2181,.T.);
#2177 = VERTEX_POINT('',#2178);
#2178 = CARTESIAN_POINT('',(4.7752,0.,60.2869));
#2179 = VERTEX_POINT('',#2180);
#2180 = CARTESIAN_POINT('',(4.7752,0.,55.9435));
#2181 = CIRCLE('',#2182,2.1717);
#2182 = AXIS2_PLACEMENT_3D('',#2183,#2184,#2185);
#2183 = CARTESIAN_POINT('',(4.7752,0.,58.1152));
#2184 = DIRECTION('',(0.,1.,0.));
#2185 = DIRECTION('',(0.,0.,1.));
#2186 = ORIENTED_EDGE('',*,*,#2187,.T.);
#2187 = EDGE_CURVE('',#2179,#2177,#2188,.T.);
#2188 = CIRCLE('',#2189,2.1717);
#2189 = AXIS2_PLACEMENT_3D('',#2190,#2191,#2192);
#2190 = CARTESIAN_POINT('',(4.7752,0.,58.1152));
#2191 = DIRECTION('',(0.,1.,0.));
#2192 = DIRECTION('',(0.,0.,1.));
#2193 = FACE_BOUND('',#2194,.T.);
#2194 = EDGE_LOOP('',(#2195,#2206));
#2195 = ORIENTED_EDGE('',*,*,#2196,.T.);
#2196 = EDGE_CURVE('',#2197,#2199,#2201,.T.);
#2197 = VERTEX_POINT('',#2198);
#2198 = CARTESIAN_POINT('',(4.7752,0.,111.8489));
#2199 = VERTEX_POINT('',#2200);
#2200 = CARTESIAN_POINT('',(4.7752,0.,107.5055));
#2201 = CIRCLE('',#2202,2.1717);
#2202 = AXIS2_PLACEMENT_3D('',#2203,#2204,#2205);
#2203 = CARTESIAN_POINT('',(4.7752,0.,109.6772));
#2204 = DIRECTION('',(0.,1.,0.));
#2205 = DIRECTION('',(0.,0.,1.));
#2206 = ORIENTED_EDGE('',*,*,#2207,.T.);
#2207 = EDGE_CURVE('',#2199,#2197,#2208,.T.);
#2208 = CIRCLE('',#2209,2.1717);
#2209 = AXIS2_PLACEMENT_3D('',#2210,#2211,#2212);
#2210 = CARTESIAN_POINT('',(4.7752,0.,109.6772));
#2211 = DIRECTION('',(0.,1.,0.));
#2212 = DIRECTION('',(0.,0.,1.));
#2213 = FACE_BOUND('',#2214,.T.);
#2214 = EDGE_LOOP('',(#2215,#2226));
#2215 = ORIENTED_EDGE('',*,*,#2216,.T.);
#2216 = EDGE_CURVE('',#2217,#2219,#2221,.T.);
#2217 = VERTEX_POINT('',#2218);
#2218 = CARTESIAN_POINT('',(79.4512,0.,111.8489));
#2219 = VERTEX_POINT('',#2220);
#2220 = CARTESIAN_POINT('',(79.4512,0.,107.5055));
#2221 = CIRCLE('',#2222,2.1717);
#2222 = AXIS2_PLACEMENT_3D('',#2223,#2224,#2225);
#2223 = CARTESIAN_POINT('',(79.4512,0.,109.6772));
#2224 = DIRECTION('',(0.,1.,0.));
#2225 = DIRECTION('',(0.,0.,1.));
#2226 = ORIENTED_EDGE('',*,*,#2227,.T.);
#2227 = EDGE_CURVE('',#2219,#2217,#2228,.T.);
#2228 = CIRCLE('',#2229,2.1717);
#2229 = AXIS2_PLACEMENT_3D('',#2230,#2231,#2232);
#2230 = CARTESIAN_POINT('',(79.4512,0.,109.6772));
#2231 = DIRECTION('',(0.,1.,0.));
#2232 = DIRECTION('',(0.,0.,1.));
#2233 = FACE_BOUND('',#2234,.T.);
#2234 = EDGE_LOOP('',(#2235,#2246));
#2235 = ORIENTED_EDGE('',*,*,#2236,.T.);
#2236 = EDGE_CURVE('',#2237,#2239,#2241,.T.);
#2237 = VERTEX_POINT('',#2238);
#2238 = CARTESIAN_POINT('',(79.4512,0.,60.2869));
#2239 = VERTEX_POINT('',#2240);
#2240 = CARTESIAN_POINT('',(79.4512,0.,55.9435));
#2241 = CIRCLE('',#2242,2.1717);
#2242 = AXIS2_PLACEMENT_3D('',#2243,#2244,#2245);
#2243 = CARTESIAN_POINT('',(79.4512,0.,58.1152));
#2244 = DIRECTION('',(0.,1.,0.));
#2245 = DIRECTION('',(0.,0.,1.));
#2246 = ORIENTED_EDGE('',*,*,#2247,.T.);
#2247 = EDGE_CURVE('',#2239,#2237,#2248,.T.);
#2248 = CIRCLE('',#2249,2.1717);
#2249 = AXIS2_PLACEMENT_3D('',#2250,#2251,#2252);
#2250 = CARTESIAN_POINT('',(79.4512,0.,58.1152));
#2251 = DIRECTION('',(0.,1.,0.));
#2252 = DIRECTION('',(0.,0.,1.));
#2253 = FACE_BOUND('',#2254,.T.);
#2254 = EDGE_LOOP('',(#2255,#2266));
#2255 = ORIENTED_EDGE('',*,*,#2256,.T.);
#2256 = EDGE_CURVE('',#2257,#2259,#2261,.T.);
#2257 = VERTEX_POINT('',#2258);
#2258 = CARTESIAN_POINT('',(79.4512,0.,8.7249));
#2259 = VERTEX_POINT('',#2260);
#2260 = CARTESIAN_POINT('',(79.4512,0.,4.3815));
#2261 = CIRCLE('',#2262,2.1717);
#2262 = AXIS2_PLACEMENT_3D('',#2263,#2264,#2265);
#2263 = CARTESIAN_POINT('',(79.4512,0.,6.5532));
#2264 = DIRECTION('',(0.,1.,0.));
#2265 = DIRECTION('',(0.,0.,1.));
#2266 = ORIENTED_EDGE('',*,*,#2267,.T.);
#2267 = EDGE_CURVE('',#2259,#2257,#2268,.T.);
#2268 = CIRCLE('',#2269,2.1717);
#2269 = AXIS2_PLACEMENT_3D('',#2270,#2271,#2272);
#2270 = CARTESIAN_POINT('',(79.4512,0.,6.5532));
#2271 = DIRECTION('',(0.,1.,0.));
#2272 = DIRECTION('',(0.,0.,1.));
#2273 = FACE_BOUND('',#2274,.T.);
#2274 = EDGE_LOOP('',(#2275,#2276,#2277,#2278,#2279,#2280,#2281,#2282));
#2275 = ORIENTED_EDGE('',*,*,#1391,.F.);
#2276 = ORIENTED_EDGE('',*,*,#1221,.F.);
#2277 = ORIENTED_EDGE('',*,*,#1370,.F.);
#2278 = ORIENTED_EDGE('',*,*,#1425,.F.);
#2279 = ORIENTED_EDGE('',*,*,#1524,.F.);
#2280 = ORIENTED_EDGE('',*,*,#1663,.F.);
#2281 = ORIENTED_EDGE('',*,*,#1606,.F.);
#2282 = ORIENTED_EDGE('',*,*,#1484,.F.);
#2283 = FACE_BOUND('',#2284,.T.);
#2284 = EDGE_LOOP('',(#2285,#2293,#2299,#2300,#2308,#2316,#2322,#2323));
#2285 = ORIENTED_EDGE('',*,*,#2286,.T.);
#2286 = EDGE_CURVE('',#2133,#2287,#2289,.T.);
#2287 = VERTEX_POINT('',#2288);
#2288 = CARTESIAN_POINT('',(0.,0.,5.813833744428));
#2289 = LINE('',#2290,#2291);
#2290 = CARTESIAN_POINT('',(0.,0.,116.0526));
#2291 = VECTOR('',#2292,1.);
#2292 = DIRECTION('',(-0.,-0.,-1.));
#2293 = ORIENTED_EDGE('',*,*,#2294,.T.);
#2294 = EDGE_CURVE('',#2287,#758,#2295,.T.);
#2295 = LINE('',#2296,#2297);
#2296 = CARTESIAN_POINT('',(6.928657251667,0.,-1.687132033211E-17));
#2297 = VECTOR('',#2298,1.);
#2298 = DIRECTION('',(0.766044443119,0.,-0.642787609687));
#2299 = ORIENTED_EDGE('',*,*,#827,.T.);
#2300 = ORIENTED_EDGE('',*,*,#2301,.T.);
#2301 = EDGE_CURVE('',#820,#2302,#2304,.T.);
#2302 = VERTEX_POINT('',#2303);
#2303 = CARTESIAN_POINT('',(84.201,0.,5.813833744428));
#2304 = LINE('',#2305,#2306);
#2305 = CARTESIAN_POINT('',(77.272342748333,0.,-1.687132033211E-17));
#2306 = VECTOR('',#2307,1.);
#2307 = DIRECTION('',(0.766044443119,0.,0.642787609687));
#2308 = ORIENTED_EDGE('',*,*,#2309,.F.);
#2309 = EDGE_CURVE('',#2310,#2302,#2312,.T.);
#2310 = VERTEX_POINT('',#2311);
#2311 = CARTESIAN_POINT('',(84.201,0.,110.41656625557));
#2312 = LINE('',#2313,#2314);
#2313 = CARTESIAN_POINT('',(84.201,0.,116.0526));
#2314 = VECTOR('',#2315,1.);
#2315 = DIRECTION('',(-0.,-0.,-1.));
#2316 = ORIENTED_EDGE('',*,*,#2317,.T.);
#2317 = EDGE_CURVE('',#2310,#692,#2318,.T.);
#2318 = LINE('',#2319,#2320);
#2319 = CARTESIAN_POINT('',(84.201,0.,110.41656625557));
#2320 = VECTOR('',#2321,1.);
#2321 = DIRECTION('',(-0.766044443119,0.,0.642787609687));
#2322 = ORIENTED_EDGE('',*,*,#691,.F.);
#2323 = ORIENTED_EDGE('',*,*,#2140,.T.);
#2324 = PLANE('',#2325);
#2325 = AXIS2_PLACEMENT_3D('',#2326,#2327,#2328);
#2326 = CARTESIAN_POINT('',(84.201,0.,116.0526));
#2327 = DIRECTION('',(0.,1.,0.));
#2328 = DIRECTION('',(0.,0.,1.));
#2329 = ADVANCED_FACE('',(#2330),#2364,.F.);
#2330 = FACE_BOUND('',#2331,.T.);
#2331 = EDGE_LOOP('',(#2332,#2333,#2334,#2342,#2350,#2358));
#2332 = ORIENTED_EDGE('',*,*,#699,.F.);
#2333 = ORIENTED_EDGE('',*,*,#2317,.F.);
#2334 = ORIENTED_EDGE('',*,*,#2335,.T.);
#2335 = EDGE_CURVE('',#2310,#2336,#2338,.T.);
#2336 = VERTEX_POINT('',#2337);
#2337 = CARTESIAN_POINT('',(84.201,0.9906,110.41656625557));
#2338 = LINE('',#2339,#2340);
#2339 = CARTESIAN_POINT('',(84.201,0.,110.41656625557));
#2340 = VECTOR('',#2341,1.);
#2341 = DIRECTION('',(0.,1.,0.));
#2342 = ORIENTED_EDGE('',*,*,#2343,.F.);
#2343 = EDGE_CURVE('',#2344,#2336,#2346,.T.);
#2344 = VERTEX_POINT('',#2345);
#2345 = CARTESIAN_POINT('',(80.238855791018,0.9906,113.7412));
#2346 = LINE('',#2347,#2348);
#2347 = CARTESIAN_POINT('',(86.566196164522,0.9906,108.43193102626));
#2348 = VECTOR('',#2349,1.);
#2349 = DIRECTION('',(0.766044443119,-1.200389286438E-16,-0.642787609687
    ));
#2350 = ORIENTED_EDGE('',*,*,#2351,.F.);
#2351 = EDGE_CURVE('',#2352,#2344,#2354,.T.);
#2352 = VERTEX_POINT('',#2353);
#2353 = CARTESIAN_POINT('',(80.238855791018,2.0955,113.7412));
#2354 = LINE('',#2355,#2356);
#2355 = CARTESIAN_POINT('',(80.238855791018,7.62,113.7412));
#2356 = VECTOR('',#2357,1.);
#2357 = DIRECTION('',(0.,-1.,0.));
#2358 = ORIENTED_EDGE('',*,*,#2359,.F.);
#2359 = EDGE_CURVE('',#700,#2352,#2360,.T.);
#2360 = LINE('',#2361,#2362);
#2361 = CARTESIAN_POINT('',(77.326828875623,2.0955,116.18468071068));
#2362 = VECTOR('',#2363,1.);
#2363 = DIRECTION('',(0.766044443119,0.,-0.642787609687));
#2364 = PLANE('',#2365);
#2365 = AXIS2_PLACEMENT_3D('',#2366,#2367,#2368);
#2366 = CARTESIAN_POINT('',(84.201,0.,110.41656625557));
#2367 = DIRECTION('',(-0.642787609687,0.,-0.766044443119));
#2368 = DIRECTION('',(-0.766044443119,0.,0.642787609687));
#2369 = ADVANCED_FACE('',(#2370),#2389,.F.);
#2370 = FACE_BOUND('',#2371,.T.);
#2371 = EDGE_LOOP('',(#2372,#2373,#2374,#2382));
#2372 = ORIENTED_EDGE('',*,*,#707,.F.);
#2373 = ORIENTED_EDGE('',*,*,#2359,.T.);
#2374 = ORIENTED_EDGE('',*,*,#2375,.T.);
#2375 = EDGE_CURVE('',#2352,#2376,#2378,.T.);
#2376 = VERTEX_POINT('',#2377);
#2377 = CARTESIAN_POINT('',(77.564900088924,2.0955,113.7412));
#2378 = LINE('',#2379,#2380);
#2379 = CARTESIAN_POINT('',(77.216,2.0955,113.7412));
#2380 = VECTOR('',#2381,1.);
#2381 = DIRECTION('',(-1.,0.,0.));
#2382 = ORIENTED_EDGE('',*,*,#2383,.T.);
#2383 = EDGE_CURVE('',#2376,#708,#2384,.T.);
#2384 = CIRCLE('',#2385,5.08);
#2385 = AXIS2_PLACEMENT_3D('',#2386,#2387,#2388);
#2386 = CARTESIAN_POINT('',(72.898,2.0955,111.7346));
#2387 = DIRECTION('',(0.,-1.,0.));
#2388 = DIRECTION('',(0.,0.,-1.));
#2389 = PLANE('',#2390);
#2390 = AXIS2_PLACEMENT_3D('',#2391,#2392,#2393);
#2391 = CARTESIAN_POINT('',(77.216,2.0955,116.0526));
#2392 = DIRECTION('',(0.,-1.,0.));
#2393 = DIRECTION('',(0.,0.,-1.));
#2394 = ADVANCED_FACE('',(#2395),#2411,.F.);
#2395 = FACE_BOUND('',#2396,.F.);
#2396 = EDGE_LOOP('',(#2397,#2398,#2399,#2410));
#2397 = ORIENTED_EDGE('',*,*,#715,.T.);
#2398 = ORIENTED_EDGE('',*,*,#860,.T.);
#2399 = ORIENTED_EDGE('',*,*,#2400,.F.);
#2400 = EDGE_CURVE('',#2376,#861,#2401,.T.);
#2401 = B_SPLINE_CURVE_WITH_KNOTS('',3,(#2402,#2403,#2404,#2405,#2406,
    #2407,#2408,#2409),.UNSPECIFIED.,.F.,.F.,(4,2,2,4),(
    3.787266923249E-03,4.414406641836E-03,4.727976501129E-03,
    5.041546360423E-03),.UNSPECIFIED.);
#2402 = CARTESIAN_POINT('',(77.564900088924,2.0955,113.7412));
#2403 = CARTESIAN_POINT('',(77.355776255203,2.0955,113.7412));
#2404 = CARTESIAN_POINT('',(77.144090640807,2.170730968197,113.7412));
#2405 = CARTESIAN_POINT('',(76.90668667353,2.374229256783,113.7412));
#2406 = CARTESIAN_POINT('',(76.839385060027,2.458670766942,113.7412));
#2407 = CARTESIAN_POINT('',(76.74734820482,2.645804141619,113.7412));
#2408 = CARTESIAN_POINT('',(76.721438300797,2.752572663955,113.7412));
#2409 = CARTESIAN_POINT('',(76.721438300797,2.8575,113.7412));
#2410 = ORIENTED_EDGE('',*,*,#2383,.T.);
#2411 = TOROIDAL_SURFACE('',#2412,5.08,0.762);
#2412 = AXIS2_PLACEMENT_3D('',#2413,#2414,#2415);
#2413 = CARTESIAN_POINT('',(72.898,2.8575,111.7346));
#2414 = DIRECTION('',(0.,-1.,0.));
#2415 = DIRECTION('',(0.,0.,-1.));
#2416 = ADVANCED_FACE('',(#2417),#2442,.F.);
#2417 = FACE_BOUND('',#2418,.T.);
#2418 = EDGE_LOOP('',(#2419,#2420,#2421,#2429,#2435,#2436));
#2419 = ORIENTED_EDGE('',*,*,#757,.F.);
#2420 = ORIENTED_EDGE('',*,*,#2294,.F.);
#2421 = ORIENTED_EDGE('',*,*,#2422,.T.);
#2422 = EDGE_CURVE('',#2287,#2423,#2425,.T.);
#2423 = VERTEX_POINT('',#2424);
#2424 = CARTESIAN_POINT('',(0.,0.9906,5.813833744428));
#2425 = LINE('',#2426,#2427);
#2426 = CARTESIAN_POINT('',(0.,0.,5.813833744428));
#2427 = VECTOR('',#2428,1.);
#2428 = DIRECTION('',(0.,1.,0.));
#2429 = ORIENTED_EDGE('',*,*,#2430,.F.);
#2430 = EDGE_CURVE('',#2051,#2423,#2431,.T.);
#2431 = LINE('',#2432,#2433);
#2432 = CARTESIAN_POINT('',(51.048237647586,0.9906,-37.02072363791));
#2433 = VECTOR('',#2434,1.);
#2434 = DIRECTION('',(-0.766044443119,0.,0.642787609687));
#2435 = ORIENTED_EDGE('',*,*,#2050,.F.);
#2436 = ORIENTED_EDGE('',*,*,#2437,.F.);
#2437 = EDGE_CURVE('',#760,#2041,#2438,.T.);
#2438 = LINE('',#2439,#2440);
#2439 = CARTESIAN_POINT('',(-54.28199584549,2.0955,51.361836437948));
#2440 = VECTOR('',#2441,1.);
#2441 = DIRECTION('',(-0.766044443119,0.,0.642787609687));
#2442 = PLANE('',#2443);
#2443 = AXIS2_PLACEMENT_3D('',#2444,#2445,#2446);
#2444 = CARTESIAN_POINT('',(6.928657251667,0.,-1.687132033211E-17));
#2445 = DIRECTION('',(0.642787609687,0.,0.766044443119));
#2446 = DIRECTION('',(0.766044443119,0.,-0.642787609687));
#2447 = ADVANCED_FACE('',(#2448),#2454,.F.);
#2448 = FACE_BOUND('',#2449,.T.);
#2449 = EDGE_LOOP('',(#2450,#2451,#2452,#2453));
#2450 = ORIENTED_EDGE('',*,*,#767,.T.);
#2451 = ORIENTED_EDGE('',*,*,#2437,.T.);
#2452 = ORIENTED_EDGE('',*,*,#2040,.T.);
#2453 = ORIENTED_EDGE('',*,*,#2091,.T.);
#2454 = PLANE('',#2455);
#2455 = AXIS2_PLACEMENT_3D('',#2456,#2457,#2458);
#2456 = CARTESIAN_POINT('',(0.,2.0955,116.0526));
#2457 = DIRECTION('',(0.,-1.,0.));
#2458 = DIRECTION('',(0.,0.,-1.));
#2459 = ADVANCED_FACE('',(#2460),#2484,.F.);
#2460 = FACE_BOUND('',#2461,.F.);
#2461 = EDGE_LOOP('',(#2462,#2463,#2472,#2483));
#2462 = ORIENTED_EDGE('',*,*,#798,.T.);
#2463 = ORIENTED_EDGE('',*,*,#2464,.T.);
#2464 = EDGE_CURVE('',#799,#2465,#2467,.T.);
#2465 = VERTEX_POINT('',#2466);
#2466 = CARTESIAN_POINT('',(77.63739770013,2.0955,2.4892));
#2467 = CIRCLE('',#2468,5.08);
#2468 = AXIS2_PLACEMENT_3D('',#2469,#2470,#2471);
#2469 = CARTESIAN_POINT('',(72.898,2.0955,4.318));
#2470 = DIRECTION('',(0.,-1.,0.));
#2471 = DIRECTION('',(0.,0.,-1.));
#2472 = ORIENTED_EDGE('',*,*,#2473,.F.);
#2473 = EDGE_CURVE('',#884,#2465,#2474,.T.);
#2474 = B_SPLINE_CURVE_WITH_KNOTS('',3,(#2475,#2476,#2477,#2478,#2479,
    #2480,#2481,#2482),.UNSPECIFIED.,.F.,.F.,(4,2,2,4),(
    4.889679045072E-03,5.199983678425E-03,5.510288311778E-03,
    6.130897578483E-03),.UNSPECIFIED.);
#2475 = CARTESIAN_POINT('',(76.8096,2.8575,2.4892));
#2476 = CARTESIAN_POINT('',(76.8096,2.752841486042,2.4892));
#2477 = CARTESIAN_POINT('',(76.833529766681,2.64985861058,2.4892));
#2478 = CARTESIAN_POINT('',(76.923335264184,2.46090489932,2.4892));
#2479 = CARTESIAN_POINT('',(76.988140661676,2.377140339666,2.4892));
#2480 = CARTESIAN_POINT('',(77.221572105669,2.171353357626,2.4892));
#2481 = CARTESIAN_POINT('',(77.430600272494,2.0955,2.4892));
#2482 = CARTESIAN_POINT('',(77.63739770013,2.0955,2.4892));
#2483 = ORIENTED_EDGE('',*,*,#893,.T.);
#2484 = TOROIDAL_SURFACE('',#2485,5.08,0.762);
#2485 = AXIS2_PLACEMENT_3D('',#2486,#2487,#2488);
#2486 = CARTESIAN_POINT('',(72.898,2.8575,4.318));
#2487 = DIRECTION('',(0.,-1.,0.));
#2488 = DIRECTION('',(0.,0.,-1.));
#2489 = ADVANCED_FACE('',(#2490),#2508,.F.);
#2490 = FACE_BOUND('',#2491,.T.);
#2491 = EDGE_LOOP('',(#2492,#2500,#2506,#2507));
#2492 = ORIENTED_EDGE('',*,*,#2493,.T.);
#2493 = EDGE_CURVE('',#2465,#2494,#2496,.T.);
#2494 = VERTEX_POINT('',#2495);
#2495 = CARTESIAN_POINT('',(80.238855791018,2.0955,2.4892));
#2496 = LINE('',#2497,#2498);
#2497 = CARTESIAN_POINT('',(77.216,2.0955,2.4892));
#2498 = VECTOR('',#2499,1.);
#2499 = DIRECTION('',(1.,0.,0.));
#2500 = ORIENTED_EDGE('',*,*,#2501,.T.);
#2501 = EDGE_CURVE('',#2494,#812,#2502,.T.);
#2502 = LINE('',#2503,#2504);
#2503 = CARTESIAN_POINT('',(134.38402958499,2.0955,47.922395360553));
#2504 = VECTOR('',#2505,1.);
#2505 = DIRECTION('',(-0.766044443119,0.,-0.642787609687));
#2506 = ORIENTED_EDGE('',*,*,#811,.T.);
#2507 = ORIENTED_EDGE('',*,*,#2464,.T.);
#2508 = PLANE('',#2509);
#2509 = AXIS2_PLACEMENT_3D('',#2510,#2511,#2512);
#2510 = CARTESIAN_POINT('',(77.216,2.0955,116.0526));
#2511 = DIRECTION('',(0.,-1.,0.));
#2512 = DIRECTION('',(0.,0.,-1.));
#2513 = ADVANCED_FACE('',(#2514),#2541,.F.);
#2514 = FACE_BOUND('',#2515,.T.);
#2515 = EDGE_LOOP('',(#2516,#2524,#2532,#2538,#2539,#2540));
#2516 = ORIENTED_EDGE('',*,*,#2517,.F.);
#2517 = EDGE_CURVE('',#2518,#2494,#2520,.T.);
#2518 = VERTEX_POINT('',#2519);
#2519 = CARTESIAN_POINT('',(80.238855791018,0.9906,2.4892));
#2520 = LINE('',#2521,#2522);
#2521 = CARTESIAN_POINT('',(80.238855791018,7.62,2.4892));
#2522 = VECTOR('',#2523,1.);
#2523 = DIRECTION('',(-1.559238343329E-16,1.,-1.308356318805E-16));
#2524 = ORIENTED_EDGE('',*,*,#2525,.F.);
#2525 = EDGE_CURVE('',#2526,#2518,#2528,.T.);
#2526 = VERTEX_POINT('',#2527);
#2527 = CARTESIAN_POINT('',(84.201,0.9906,5.813833744428));
#2528 = LINE('',#2529,#2530);
#2529 = CARTESIAN_POINT('',(82.563937456281,0.9906,4.440175167779));
#2530 = VECTOR('',#2531,1.);
#2531 = DIRECTION('',(-0.766044443119,0.,-0.642787609687));
#2532 = ORIENTED_EDGE('',*,*,#2533,.F.);
#2533 = EDGE_CURVE('',#2302,#2526,#2534,.T.);
#2534 = LINE('',#2535,#2536);
#2535 = CARTESIAN_POINT('',(84.201,0.,5.813833744428));
#2536 = VECTOR('',#2537,1.);
#2537 = DIRECTION('',(0.,1.,0.));
#2538 = ORIENTED_EDGE('',*,*,#2301,.F.);
#2539 = ORIENTED_EDGE('',*,*,#819,.T.);
#2540 = ORIENTED_EDGE('',*,*,#2501,.F.);
#2541 = PLANE('',#2542);
#2542 = AXIS2_PLACEMENT_3D('',#2543,#2544,#2545);
#2543 = CARTESIAN_POINT('',(77.272342748333,0.,-1.687132033211E-17));
#2544 = DIRECTION('',(-0.642787609687,0.,0.766044443119));
#2545 = DIRECTION('',(0.766044443119,0.,0.642787609687));
#2546 = ADVANCED_FACE('',(#2547),#2565,.F.);
#2547 = FACE_BOUND('',#2548,.T.);
#2548 = EDGE_LOOP('',(#2549,#2550,#2556,#2557,#2558,#2564));
#2549 = ORIENTED_EDGE('',*,*,#841,.T.);
#2550 = ORIENTED_EDGE('',*,*,#2551,.T.);
#2551 = EDGE_CURVE('',#844,#1681,#2552,.T.);
#2552 = LINE('',#2553,#2554);
#2553 = CARTESIAN_POINT('',(84.201,7.62,113.7412));
#2554 = VECTOR('',#2555,1.);
#2555 = DIRECTION('',(-1.,-0.,-0.));
#2556 = ORIENTED_EDGE('',*,*,#1688,.F.);
#2557 = ORIENTED_EDGE('',*,*,#1638,.F.);
#2558 = ORIENTED_EDGE('',*,*,#2559,.F.);
#2559 = EDGE_CURVE('',#945,#1631,#2560,.T.);
#2560 = LINE('',#2561,#2562);
#2561 = CARTESIAN_POINT('',(84.201,7.62,105.6132));
#2562 = VECTOR('',#2563,1.);
#2563 = DIRECTION('',(-1.,-0.,-0.));
#2564 = ORIENTED_EDGE('',*,*,#944,.F.);
#2565 = PLANE('',#2566);
#2566 = AXIS2_PLACEMENT_3D('',#2567,#2568,#2569);
#2567 = CARTESIAN_POINT('',(84.201,7.62,105.6132));
#2568 = DIRECTION('',(0.,1.,-2.13425624505E-16));
#2569 = DIRECTION('',(0.,2.13425624505E-16,1.));
#2570 = ADVANCED_FACE('',(#2571),#2585,.F.);
#2571 = FACE_BOUND('',#2572,.T.);
#2572 = EDGE_LOOP('',(#2573,#2574,#2575,#2581,#2582,#2583,#2584));
#2573 = ORIENTED_EDGE('',*,*,#2375,.F.);
#2574 = ORIENTED_EDGE('',*,*,#2351,.T.);
#2575 = ORIENTED_EDGE('',*,*,#2576,.T.);
#2576 = EDGE_CURVE('',#2344,#1672,#2577,.T.);
#2577 = LINE('',#2578,#2579);
#2578 = CARTESIAN_POINT('',(84.201,0.9906,113.7412));
#2579 = VECTOR('',#2580,1.);
#2580 = DIRECTION('',(-1.,-0.,-0.));
#2581 = ORIENTED_EDGE('',*,*,#1680,.F.);
#2582 = ORIENTED_EDGE('',*,*,#2551,.F.);
#2583 = ORIENTED_EDGE('',*,*,#869,.T.);
#2584 = ORIENTED_EDGE('',*,*,#2400,.F.);
#2585 = PLANE('',#2586);
#2586 = AXIS2_PLACEMENT_3D('',#2587,#2588,#2589);
#2587 = CARTESIAN_POINT('',(84.201,7.62,113.7412));
#2588 = DIRECTION('',(0.,0.,1.));
#2589 = DIRECTION('',(1.,0.,0.));
#2590 = ADVANCED_FACE('',(#2591),#2610,.F.);
#2591 = FACE_BOUND('',#2592,.T.);
#2592 = EDGE_LOOP('',(#2593,#2599,#2600,#2601,#2602,#2603,#2609));
#2593 = ORIENTED_EDGE('',*,*,#2594,.F.);
#2594 = EDGE_CURVE('',#2518,#1468,#2595,.T.);
#2595 = LINE('',#2596,#2597);
#2596 = CARTESIAN_POINT('',(84.201,0.9906,2.4892));
#2597 = VECTOR('',#2598,1.);
#2598 = DIRECTION('',(-1.,-0.,-0.));
#2599 = ORIENTED_EDGE('',*,*,#2517,.T.);
#2600 = ORIENTED_EDGE('',*,*,#2493,.F.);
#2601 = ORIENTED_EDGE('',*,*,#2473,.F.);
#2602 = ORIENTED_EDGE('',*,*,#883,.T.);
#2603 = ORIENTED_EDGE('',*,*,#2604,.T.);
#2604 = EDGE_CURVE('',#886,#1502,#2605,.T.);
#2605 = LINE('',#2606,#2607);
#2606 = CARTESIAN_POINT('',(84.201,7.62,2.4892));
#2607 = VECTOR('',#2608,1.);
#2608 = DIRECTION('',(-1.,-0.,-0.));
#2609 = ORIENTED_EDGE('',*,*,#1510,.F.);
#2610 = PLANE('',#2611);
#2611 = AXIS2_PLACEMENT_3D('',#2612,#2613,#2614);
#2612 = CARTESIAN_POINT('',(84.201,7.62,2.4892));
#2613 = DIRECTION('',(0.,-1.308356318805E-16,-1.));
#2614 = DIRECTION('',(0.,1.,-1.308356318805E-16));
#2615 = ADVANCED_FACE('',(#2616),#2629,.F.);
#2616 = FACE_BOUND('',#2617,.T.);
#2617 = EDGE_LOOP('',(#2618,#2624,#2625,#2626,#2627,#2628));
#2618 = ORIENTED_EDGE('',*,*,#2619,.T.);
#2619 = EDGE_CURVE('',#928,#1584,#2620,.T.);
#2620 = LINE('',#2621,#2622);
#2621 = CARTESIAN_POINT('',(84.201,7.62,10.6172));
#2622 = VECTOR('',#2623,1.);
#2623 = DIRECTION('',(-1.,-0.,-0.));
#2624 = ORIENTED_EDGE('',*,*,#1583,.F.);
#2625 = ORIENTED_EDGE('',*,*,#1501,.F.);
#2626 = ORIENTED_EDGE('',*,*,#2604,.F.);
#2627 = ORIENTED_EDGE('',*,*,#910,.T.);
#2628 = ORIENTED_EDGE('',*,*,#935,.F.);
#2629 = PLANE('',#2630);
#2630 = AXIS2_PLACEMENT_3D('',#2631,#2632,#2633);
#2631 = CARTESIAN_POINT('',(84.201,7.62,2.4892));
#2632 = DIRECTION('',(0.,1.,0.));
#2633 = DIRECTION('',(0.,0.,1.));
#2634 = ADVANCED_FACE('',(#2635),#2671,.F.);
#2635 = FACE_BOUND('',#2636,.T.);
#2636 = EDGE_LOOP('',(#2637,#2638,#2639,#2648,#2656,#2664,#2670));
#2637 = ORIENTED_EDGE('',*,*,#2619,.F.);
#2638 = ORIENTED_EDGE('',*,*,#925,.F.);
#2639 = ORIENTED_EDGE('',*,*,#2640,.F.);
#2640 = EDGE_CURVE('',#2641,#926,#2643,.T.);
#2641 = VERTEX_POINT('',#2642);
#2642 = CARTESIAN_POINT('',(77.978,2.0955,10.6172));
#2643 = CIRCLE('',#2644,0.762);
#2644 = AXIS2_PLACEMENT_3D('',#2645,#2646,#2647);
#2645 = CARTESIAN_POINT('',(77.978,2.8575,10.6172));
#2646 = DIRECTION('',(0.,2.616712637609E-16,-1.));
#2647 = DIRECTION('',(0.,-1.,-2.616712637609E-16));
#2648 = ORIENTED_EDGE('',*,*,#2649,.F.);
#2649 = EDGE_CURVE('',#2650,#2641,#2652,.T.);
#2650 = VERTEX_POINT('',#2651);
#2651 = CARTESIAN_POINT('',(84.201,2.0955,10.6172));
#2652 = LINE('',#2653,#2654);
#2653 = CARTESIAN_POINT('',(77.216,2.0955,10.6172));
#2654 = VECTOR('',#2655,1.);
#2655 = DIRECTION('',(-1.,0.,0.));
#2656 = ORIENTED_EDGE('',*,*,#2657,.F.);
#2657 = EDGE_CURVE('',#2658,#2650,#2660,.T.);
#2658 = VERTEX_POINT('',#2659);
#2659 = CARTESIAN_POINT('',(84.201,0.9906,10.6172));
#2660 = LINE('',#2661,#2662);
#2661 = CARTESIAN_POINT('',(84.201,7.62,10.6172));
#2662 = VECTOR('',#2663,1.);
#2663 = DIRECTION('',(0.,1.,2.616712637609E-16));
#2664 = ORIENTED_EDGE('',*,*,#2665,.T.);
#2665 = EDGE_CURVE('',#2658,#1592,#2666,.T.);
#2666 = LINE('',#2667,#2668);
#2667 = CARTESIAN_POINT('',(84.201,0.9906,10.6172));
#2668 = VECTOR('',#2669,1.);
#2669 = DIRECTION('',(-1.,-0.,-0.));
#2670 = ORIENTED_EDGE('',*,*,#1591,.F.);
#2671 = PLANE('',#2672);
#2672 = AXIS2_PLACEMENT_3D('',#2673,#2674,#2675);
#2673 = CARTESIAN_POINT('',(84.201,7.62,10.6172));
#2674 = DIRECTION('',(0.,-2.616712637609E-16,1.));
#2675 = DIRECTION('',(0.,-1.,-2.616712637609E-16));
#2676 = ADVANCED_FACE('',(#2677),#2713,.F.);
#2677 = FACE_BOUND('',#2678,.T.);
#2678 = EDGE_LOOP('',(#2679,#2687,#2695,#2703,#2710,#2711,#2712));
#2679 = ORIENTED_EDGE('',*,*,#2680,.F.);
#2680 = EDGE_CURVE('',#2681,#1623,#2683,.T.);
#2681 = VERTEX_POINT('',#2682);
#2682 = CARTESIAN_POINT('',(84.201,0.9906,105.6132));
#2683 = LINE('',#2684,#2685);
#2684 = CARTESIAN_POINT('',(84.201,0.9906,105.6132));
#2685 = VECTOR('',#2686,1.);
#2686 = DIRECTION('',(-1.,-0.,-0.));
#2687 = ORIENTED_EDGE('',*,*,#2688,.F.);
#2688 = EDGE_CURVE('',#2689,#2681,#2691,.T.);
#2689 = VERTEX_POINT('',#2690);
#2690 = CARTESIAN_POINT('',(84.201,2.0955,105.6132));
#2691 = LINE('',#2692,#2693);
#2692 = CARTESIAN_POINT('',(84.201,7.62,105.6132));
#2693 = VECTOR('',#2694,1.);
#2694 = DIRECTION('',(0.,-1.,0.));
#2695 = ORIENTED_EDGE('',*,*,#2696,.F.);
#2696 = EDGE_CURVE('',#2697,#2689,#2699,.T.);
#2697 = VERTEX_POINT('',#2698);
#2698 = CARTESIAN_POINT('',(77.978,2.0955,105.6132));
#2699 = LINE('',#2700,#2701);
#2700 = CARTESIAN_POINT('',(77.216,2.0955,105.6132));
#2701 = VECTOR('',#2702,1.);
#2702 = DIRECTION('',(1.,0.,0.));
#2703 = ORIENTED_EDGE('',*,*,#2704,.F.);
#2704 = EDGE_CURVE('',#953,#2697,#2705,.T.);
#2705 = CIRCLE('',#2706,0.762);
#2706 = AXIS2_PLACEMENT_3D('',#2707,#2708,#2709);
#2707 = CARTESIAN_POINT('',(77.978,2.8575,105.6132));
#2708 = DIRECTION('',(0.,-0.,1.));
#2709 = DIRECTION('',(-1.,0.,0.));
#2710 = ORIENTED_EDGE('',*,*,#952,.F.);
#2711 = ORIENTED_EDGE('',*,*,#2559,.T.);
#2712 = ORIENTED_EDGE('',*,*,#1630,.F.);
#2713 = PLANE('',#2714);
#2714 = AXIS2_PLACEMENT_3D('',#2715,#2716,#2717);
#2715 = CARTESIAN_POINT('',(84.201,7.62,105.6132));
#2716 = DIRECTION('',(0.,0.,-1.));
#2717 = DIRECTION('',(-1.,0.,0.));
#2718 = ADVANCED_FACE('',(#2719),#2738,.F.);
#2719 = FACE_BOUND('',#2720,.F.);
#2720 = EDGE_LOOP('',(#2721,#2722,#2723,#2732));
#2721 = ORIENTED_EDGE('',*,*,#2704,.F.);
#2722 = ORIENTED_EDGE('',*,*,#960,.T.);
#2723 = ORIENTED_EDGE('',*,*,#2724,.F.);
#2724 = EDGE_CURVE('',#2725,#961,#2727,.T.);
#2725 = VERTEX_POINT('',#2726);
#2726 = CARTESIAN_POINT('',(77.978,2.0955,62.1792));
#2727 = CIRCLE('',#2728,0.762);
#2728 = AXIS2_PLACEMENT_3D('',#2729,#2730,#2731);
#2729 = CARTESIAN_POINT('',(77.978,2.8575,62.1792));
#2730 = DIRECTION('',(0.,0.,-1.));
#2731 = DIRECTION('',(1.,0.,0.));
#2732 = ORIENTED_EDGE('',*,*,#2733,.T.);
#2733 = EDGE_CURVE('',#2725,#2697,#2734,.T.);
#2734 = LINE('',#2735,#2736);
#2735 = CARTESIAN_POINT('',(77.978,2.0955,111.7346));
#2736 = VECTOR('',#2737,1.);
#2737 = DIRECTION('',(0.,0.,1.));
#2738 = CYLINDRICAL_SURFACE('',#2739,0.762);
#2739 = AXIS2_PLACEMENT_3D('',#2740,#2741,#2742);
#2740 = CARTESIAN_POINT('',(77.978,2.8575,116.0526));
#2741 = DIRECTION('',(0.,0.,1.));
#2742 = DIRECTION('',(1.,0.,0.));
#2743 = ADVANCED_FACE('',(#2744),#2777,.F.);
#2744 = FACE_BOUND('',#2745,.T.);
#2745 = EDGE_LOOP('',(#2746,#2752,#2753,#2754,#2762,#2770,#2776));
#2746 = ORIENTED_EDGE('',*,*,#2747,.F.);
#2747 = EDGE_CURVE('',#969,#1567,#2748,.T.);
#2748 = LINE('',#2749,#2750);
#2749 = CARTESIAN_POINT('',(84.201,7.62,62.1792));
#2750 = VECTOR('',#2751,1.);
#2751 = DIRECTION('',(-1.,-0.,-0.));
#2752 = ORIENTED_EDGE('',*,*,#968,.F.);
#2753 = ORIENTED_EDGE('',*,*,#2724,.F.);
#2754 = ORIENTED_EDGE('',*,*,#2755,.F.);
#2755 = EDGE_CURVE('',#2756,#2725,#2758,.T.);
#2756 = VERTEX_POINT('',#2757);
#2757 = CARTESIAN_POINT('',(84.201,2.0955,62.1792));
#2758 = LINE('',#2759,#2760);
#2759 = CARTESIAN_POINT('',(77.216,2.0955,62.1792));
#2760 = VECTOR('',#2761,1.);
#2761 = DIRECTION('',(-1.,0.,0.));
#2762 = ORIENTED_EDGE('',*,*,#2763,.F.);
#2763 = EDGE_CURVE('',#2764,#2756,#2766,.T.);
#2764 = VERTEX_POINT('',#2765);
#2765 = CARTESIAN_POINT('',(84.201,0.9906,62.1792));
#2766 = LINE('',#2767,#2768);
#2767 = CARTESIAN_POINT('',(84.201,7.62,62.1792));
#2768 = VECTOR('',#2769,1.);
#2769 = DIRECTION('',(0.,1.,0.));
#2770 = ORIENTED_EDGE('',*,*,#2771,.T.);
#2771 = EDGE_CURVE('',#2764,#1549,#2772,.T.);
#2772 = LINE('',#2773,#2774);
#2773 = CARTESIAN_POINT('',(84.201,0.9906,62.1792));
#2774 = VECTOR('',#2775,1.);
#2775 = DIRECTION('',(-1.,-0.,-0.));
#2776 = ORIENTED_EDGE('',*,*,#1574,.F.);
#2777 = PLANE('',#2778);
#2778 = AXIS2_PLACEMENT_3D('',#2779,#2780,#2781);
#2779 = CARTESIAN_POINT('',(84.201,7.62,62.1792));
#2780 = DIRECTION('',(0.,0.,1.));
#2781 = DIRECTION('',(1.,0.,0.));
#2782 = ADVANCED_FACE('',(#2783),#2794,.F.);
#2783 = FACE_BOUND('',#2784,.T.);
#2784 = EDGE_LOOP('',(#2785,#2786,#2787,#2793));
#2785 = ORIENTED_EDGE('',*,*,#2747,.T.);
#2786 = ORIENTED_EDGE('',*,*,#1566,.F.);
#2787 = ORIENTED_EDGE('',*,*,#2788,.F.);
#2788 = EDGE_CURVE('',#977,#1559,#2789,.T.);
#2789 = LINE('',#2790,#2791);
#2790 = CARTESIAN_POINT('',(84.201,7.62,54.0512));
#2791 = VECTOR('',#2792,1.);
#2792 = DIRECTION('',(-1.,-0.,-0.));
#2793 = ORIENTED_EDGE('',*,*,#976,.F.);
#2794 = PLANE('',#2795);
#2795 = AXIS2_PLACEMENT_3D('',#2796,#2797,#2798);
#2796 = CARTESIAN_POINT('',(84.201,7.62,54.0512));
#2797 = DIRECTION('',(0.,1.,-2.13425624505E-16));
#2798 = DIRECTION('',(0.,2.13425624505E-16,1.));
#2799 = ADVANCED_FACE('',(#2800),#2836,.F.);
#2800 = FACE_BOUND('',#2801,.T.);
#2801 = EDGE_LOOP('',(#2802,#2810,#2818,#2826,#2833,#2834,#2835));
#2802 = ORIENTED_EDGE('',*,*,#2803,.F.);
#2803 = EDGE_CURVE('',#2804,#1551,#2806,.T.);
#2804 = VERTEX_POINT('',#2805);
#2805 = CARTESIAN_POINT('',(84.201,0.9906,54.0512));
#2806 = LINE('',#2807,#2808);
#2807 = CARTESIAN_POINT('',(84.201,0.9906,54.0512));
#2808 = VECTOR('',#2809,1.);
#2809 = DIRECTION('',(-1.,-0.,-0.));
#2810 = ORIENTED_EDGE('',*,*,#2811,.F.);
#2811 = EDGE_CURVE('',#2812,#2804,#2814,.T.);
#2812 = VERTEX_POINT('',#2813);
#2813 = CARTESIAN_POINT('',(84.201,2.0955,54.0512));
#2814 = LINE('',#2815,#2816);
#2815 = CARTESIAN_POINT('',(84.201,7.62,54.0512));
#2816 = VECTOR('',#2817,1.);
#2817 = DIRECTION('',(0.,-1.,0.));
#2818 = ORIENTED_EDGE('',*,*,#2819,.F.);
#2819 = EDGE_CURVE('',#2820,#2812,#2822,.T.);
#2820 = VERTEX_POINT('',#2821);
#2821 = CARTESIAN_POINT('',(77.978,2.0955,54.0512));
#2822 = LINE('',#2823,#2824);
#2823 = CARTESIAN_POINT('',(77.216,2.0955,54.0512));
#2824 = VECTOR('',#2825,1.);
#2825 = DIRECTION('',(1.,0.,0.));
#2826 = ORIENTED_EDGE('',*,*,#2827,.F.);
#2827 = EDGE_CURVE('',#985,#2820,#2828,.T.);
#2828 = CIRCLE('',#2829,0.762);
#2829 = AXIS2_PLACEMENT_3D('',#2830,#2831,#2832);
#2830 = CARTESIAN_POINT('',(77.978,2.8575,54.0512));
#2831 = DIRECTION('',(0.,-0.,1.));
#2832 = DIRECTION('',(-1.,0.,0.));
#2833 = ORIENTED_EDGE('',*,*,#984,.F.);
#2834 = ORIENTED_EDGE('',*,*,#2788,.T.);
#2835 = ORIENTED_EDGE('',*,*,#1558,.F.);
#2836 = PLANE('',#2837);
#2837 = AXIS2_PLACEMENT_3D('',#2838,#2839,#2840);
#2838 = CARTESIAN_POINT('',(84.201,7.62,54.0512));
#2839 = DIRECTION('',(0.,0.,-1.));
#2840 = DIRECTION('',(-1.,0.,0.));
#2841 = ADVANCED_FACE('',(#2842),#2853,.F.);
#2842 = FACE_BOUND('',#2843,.F.);
#2843 = EDGE_LOOP('',(#2844,#2845,#2846,#2847));
#2844 = ORIENTED_EDGE('',*,*,#2827,.F.);
#2845 = ORIENTED_EDGE('',*,*,#992,.T.);
#2846 = ORIENTED_EDGE('',*,*,#2640,.F.);
#2847 = ORIENTED_EDGE('',*,*,#2848,.T.);
#2848 = EDGE_CURVE('',#2641,#2820,#2849,.T.);
#2849 = LINE('',#2850,#2851);
#2850 = CARTESIAN_POINT('',(77.978,2.0955,111.7346));
#2851 = VECTOR('',#2852,1.);
#2852 = DIRECTION('',(0.,0.,1.));
#2853 = CYLINDRICAL_SURFACE('',#2854,0.762);
#2854 = AXIS2_PLACEMENT_3D('',#2855,#2856,#2857);
#2855 = CARTESIAN_POINT('',(77.978,2.8575,116.0526));
#2856 = DIRECTION('',(0.,0.,1.));
#2857 = DIRECTION('',(1.,0.,0.));
#2858 = ADVANCED_FACE('',(#2859,#2879),#2892,.F.);
#2859 = FACE_BOUND('',#2860,.T.);
#2860 = EDGE_LOOP('',(#2861,#2872));
#2861 = ORIENTED_EDGE('',*,*,#2862,.F.);
#2862 = EDGE_CURVE('',#2863,#2865,#2867,.T.);
#2863 = VERTEX_POINT('',#2864);
#2864 = CARTESIAN_POINT('',(4.7752,0.9906,8.7249));
#2865 = VERTEX_POINT('',#2866);
#2866 = CARTESIAN_POINT('',(4.7752,0.9906,4.3815));
#2867 = CIRCLE('',#2868,2.1717);
#2868 = AXIS2_PLACEMENT_3D('',#2869,#2870,#2871);
#2869 = CARTESIAN_POINT('',(4.7752,0.9906,6.5532));
#2870 = DIRECTION('',(-0.,1.,0.));
#2871 = DIRECTION('',(0.,0.,-1.));
#2872 = ORIENTED_EDGE('',*,*,#2873,.F.);
#2873 = EDGE_CURVE('',#2865,#2863,#2874,.T.);
#2874 = CIRCLE('',#2875,2.1717);
#2875 = AXIS2_PLACEMENT_3D('',#2876,#2877,#2878);
#2876 = CARTESIAN_POINT('',(4.7752,0.9906,6.5532));
#2877 = DIRECTION('',(-0.,1.,0.));
#2878 = DIRECTION('',(0.,0.,-1.));
#2879 = FACE_BOUND('',#2880,.T.);
#2880 = EDGE_LOOP('',(#2881,#2882,#2883,#2889,#2890,#2891));
#2881 = ORIENTED_EDGE('',*,*,#2058,.T.);
#2882 = ORIENTED_EDGE('',*,*,#2430,.T.);
#2883 = ORIENTED_EDGE('',*,*,#2884,.T.);
#2884 = EDGE_CURVE('',#2423,#1729,#2885,.T.);
#2885 = LINE('',#2886,#2887);
#2886 = CARTESIAN_POINT('',(0.,0.9906,2.4892));
#2887 = VECTOR('',#2888,1.);
#2888 = DIRECTION('',(0.,0.,1.));
#2889 = ORIENTED_EDGE('',*,*,#1728,.F.);
#2890 = ORIENTED_EDGE('',*,*,#1377,.F.);
#2891 = ORIENTED_EDGE('',*,*,#1238,.F.);
#2892 = PLANE('',#2893);
#2893 = AXIS2_PLACEMENT_3D('',#2894,#2895,#2896);
#2894 = CARTESIAN_POINT('',(84.201,0.9906,2.4892));
#2895 = DIRECTION('',(0.,-1.,0.));
#2896 = DIRECTION('',(0.,0.,-1.));
#2897 = ADVANCED_FACE('',(#2898,#2918),#2929,.F.);
#2898 = FACE_BOUND('',#2899,.T.);
#2899 = EDGE_LOOP('',(#2900,#2911));
#2900 = ORIENTED_EDGE('',*,*,#2901,.F.);
#2901 = EDGE_CURVE('',#2902,#2904,#2906,.T.);
#2902 = VERTEX_POINT('',#2903);
#2903 = CARTESIAN_POINT('',(4.7752,0.9906,60.2869));
#2904 = VERTEX_POINT('',#2905);
#2905 = CARTESIAN_POINT('',(4.7752,0.9906,55.9435));
#2906 = CIRCLE('',#2907,2.1717);
#2907 = AXIS2_PLACEMENT_3D('',#2908,#2909,#2910);
#2908 = CARTESIAN_POINT('',(4.7752,0.9906,58.1152));
#2909 = DIRECTION('',(0.,1.,-1.867474214419E-16));
#2910 = DIRECTION('',(0.,-1.867474214419E-16,-1.));
#2911 = ORIENTED_EDGE('',*,*,#2912,.F.);
#2912 = EDGE_CURVE('',#2904,#2902,#2913,.T.);
#2913 = CIRCLE('',#2914,2.1717);
#2914 = AXIS2_PLACEMENT_3D('',#2915,#2916,#2917);
#2915 = CARTESIAN_POINT('',(4.7752,0.9906,58.1152));
#2916 = DIRECTION('',(0.,1.,-1.867474214419E-16));
#2917 = DIRECTION('',(0.,-1.867474214419E-16,-1.));
#2918 = FACE_BOUND('',#2919,.T.);
#2919 = EDGE_LOOP('',(#2920,#2921,#2927,#2928));
#2920 = ORIENTED_EDGE('',*,*,#1819,.T.);
#2921 = ORIENTED_EDGE('',*,*,#2922,.T.);
#2922 = EDGE_CURVE('',#1812,#1852,#2923,.T.);
#2923 = LINE('',#2924,#2925);
#2924 = CARTESIAN_POINT('',(0.,0.9906,54.0512));
#2925 = VECTOR('',#2926,1.);
#2926 = DIRECTION('',(0.,1.867474214419E-16,1.));
#2927 = ORIENTED_EDGE('',*,*,#1851,.F.);
#2928 = ORIENTED_EDGE('',*,*,#1296,.F.);
#2929 = PLANE('',#2930);
#2930 = AXIS2_PLACEMENT_3D('',#2931,#2932,#2933);
#2931 = CARTESIAN_POINT('',(84.201,0.9906,54.0512));
#2932 = DIRECTION('',(0.,-1.,1.867474214419E-16));
#2933 = DIRECTION('',(0.,-1.867474214419E-16,-1.));
#2934 = ADVANCED_FACE('',(#2935,#2955),#2968,.F.);
#2935 = FACE_BOUND('',#2936,.T.);
#2936 = EDGE_LOOP('',(#2937,#2948));
#2937 = ORIENTED_EDGE('',*,*,#2938,.F.);
#2938 = EDGE_CURVE('',#2939,#2941,#2943,.T.);
#2939 = VERTEX_POINT('',#2940);
#2940 = CARTESIAN_POINT('',(4.7752,0.9906,111.8489));
#2941 = VERTEX_POINT('',#2942);
#2942 = CARTESIAN_POINT('',(4.7752,0.9906,107.5055));
#2943 = CIRCLE('',#2944,2.1717);
#2944 = AXIS2_PLACEMENT_3D('',#2945,#2946,#2947);
#2945 = CARTESIAN_POINT('',(4.7752,0.9906,109.6772));
#2946 = DIRECTION('',(0.,1.,-1.867474214419E-16));
#2947 = DIRECTION('',(0.,-1.867474214419E-16,-1.));
#2948 = ORIENTED_EDGE('',*,*,#2949,.F.);
#2949 = EDGE_CURVE('',#2941,#2939,#2950,.T.);
#2950 = CIRCLE('',#2951,2.1717);
#2951 = AXIS2_PLACEMENT_3D('',#2952,#2953,#2954);
#2952 = CARTESIAN_POINT('',(4.7752,0.9906,109.6772));
#2953 = DIRECTION('',(0.,1.,-1.867474214419E-16));
#2954 = DIRECTION('',(0.,-1.867474214419E-16,-1.));
#2955 = FACE_BOUND('',#2956,.T.);
#2956 = EDGE_LOOP('',(#2957,#2963,#2964,#2965,#2966,#2967));
#2957 = ORIENTED_EDGE('',*,*,#2958,.T.);
#2958 = EDGE_CURVE('',#1935,#2125,#2959,.T.);
#2959 = LINE('',#2960,#2961);
#2960 = CARTESIAN_POINT('',(0.,0.9906,105.6132));
#2961 = VECTOR('',#2962,1.);
#2962 = DIRECTION('',(0.,1.867474214419E-16,1.));
#2963 = ORIENTED_EDGE('',*,*,#2124,.T.);
#2964 = ORIENTED_EDGE('',*,*,#1976,.F.);
#2965 = ORIENTED_EDGE('',*,*,#1415,.F.);
#2966 = ORIENTED_EDGE('',*,*,#1354,.F.);
#2967 = ORIENTED_EDGE('',*,*,#1942,.T.);
#2968 = PLANE('',#2969);
#2969 = AXIS2_PLACEMENT_3D('',#2970,#2971,#2972);
#2970 = CARTESIAN_POINT('',(84.201,0.9906,105.6132));
#2971 = DIRECTION('',(0.,-1.,1.867474214419E-16));
#2972 = DIRECTION('',(0.,-1.867474214419E-16,-1.));
#2973 = ADVANCED_FACE('',(#2974,#2994),#3007,.F.);
#2974 = FACE_BOUND('',#2975,.T.);
#2975 = EDGE_LOOP('',(#2976,#2987));
#2976 = ORIENTED_EDGE('',*,*,#2977,.F.);
#2977 = EDGE_CURVE('',#2978,#2980,#2982,.T.);
#2978 = VERTEX_POINT('',#2979);
#2979 = CARTESIAN_POINT('',(79.4512,0.9906,8.7249));
#2980 = VERTEX_POINT('',#2981);
#2981 = CARTESIAN_POINT('',(79.4512,0.9906,4.3815));
#2982 = CIRCLE('',#2983,2.1717);
#2983 = AXIS2_PLACEMENT_3D('',#2984,#2985,#2986);
#2984 = CARTESIAN_POINT('',(79.4512,0.9906,6.5532));
#2985 = DIRECTION('',(-0.,1.,0.));
#2986 = DIRECTION('',(0.,0.,-1.));
#2987 = ORIENTED_EDGE('',*,*,#2988,.F.);
#2988 = EDGE_CURVE('',#2980,#2978,#2989,.T.);
#2989 = CIRCLE('',#2990,2.1717);
#2990 = AXIS2_PLACEMENT_3D('',#2991,#2992,#2993);
#2991 = CARTESIAN_POINT('',(79.4512,0.9906,6.5532));
#2992 = DIRECTION('',(-0.,1.,0.));
#2993 = DIRECTION('',(0.,0.,-1.));
#2994 = FACE_BOUND('',#2995,.T.);
#2995 = EDGE_LOOP('',(#2996,#3002,#3003,#3004,#3005,#3006));
#2996 = ORIENTED_EDGE('',*,*,#2997,.F.);
#2997 = EDGE_CURVE('',#2526,#2658,#2998,.T.);
#2998 = LINE('',#2999,#3000);
#2999 = CARTESIAN_POINT('',(84.201,0.9906,2.4892));
#3000 = VECTOR('',#3001,1.);
#3001 = DIRECTION('',(0.,0.,1.));
#3002 = ORIENTED_EDGE('',*,*,#2525,.T.);
#3003 = ORIENTED_EDGE('',*,*,#2594,.T.);
#3004 = ORIENTED_EDGE('',*,*,#1465,.F.);
#3005 = ORIENTED_EDGE('',*,*,#1599,.F.);
#3006 = ORIENTED_EDGE('',*,*,#2665,.F.);
#3007 = PLANE('',#3008);
#3008 = AXIS2_PLACEMENT_3D('',#3009,#3010,#3011);
#3009 = CARTESIAN_POINT('',(84.201,0.9906,2.4892));
#3010 = DIRECTION('',(0.,-1.,0.));
#3011 = DIRECTION('',(0.,0.,-1.));
#3012 = ADVANCED_FACE('',(#3013,#3033),#3044,.F.);
#3013 = FACE_BOUND('',#3014,.T.);
#3014 = EDGE_LOOP('',(#3015,#3026));
#3015 = ORIENTED_EDGE('',*,*,#3016,.F.);
#3016 = EDGE_CURVE('',#3017,#3019,#3021,.T.);
#3017 = VERTEX_POINT('',#3018);
#3018 = CARTESIAN_POINT('',(79.4512,0.9906,60.2869));
#3019 = VERTEX_POINT('',#3020);
#3020 = CARTESIAN_POINT('',(79.4512,0.9906,55.9435));
#3021 = CIRCLE('',#3022,2.1717);
#3022 = AXIS2_PLACEMENT_3D('',#3023,#3024,#3025);
#3023 = CARTESIAN_POINT('',(79.4512,0.9906,58.1152));
#3024 = DIRECTION('',(0.,1.,-1.867474214419E-16));
#3025 = DIRECTION('',(0.,-1.867474214419E-16,-1.));
#3026 = ORIENTED_EDGE('',*,*,#3027,.F.);
#3027 = EDGE_CURVE('',#3019,#3017,#3028,.T.);
#3028 = CIRCLE('',#3029,2.1717);
#3029 = AXIS2_PLACEMENT_3D('',#3030,#3031,#3032);
#3030 = CARTESIAN_POINT('',(79.4512,0.9906,58.1152));
#3031 = DIRECTION('',(0.,1.,-1.867474214419E-16));
#3032 = DIRECTION('',(0.,-1.867474214419E-16,-1.));
#3033 = FACE_BOUND('',#3034,.T.);
#3034 = EDGE_LOOP('',(#3035,#3036,#3042,#3043));
#3035 = ORIENTED_EDGE('',*,*,#2771,.F.);
#3036 = ORIENTED_EDGE('',*,*,#3037,.F.);
#3037 = EDGE_CURVE('',#2804,#2764,#3038,.T.);
#3038 = LINE('',#3039,#3040);
#3039 = CARTESIAN_POINT('',(84.201,0.9906,54.0512));
#3040 = VECTOR('',#3041,1.);
#3041 = DIRECTION('',(0.,1.867474214419E-16,1.));
#3042 = ORIENTED_EDGE('',*,*,#2803,.T.);
#3043 = ORIENTED_EDGE('',*,*,#1548,.F.);
#3044 = PLANE('',#3045);
#3045 = AXIS2_PLACEMENT_3D('',#3046,#3047,#3048);
#3046 = CARTESIAN_POINT('',(84.201,0.9906,54.0512));
#3047 = DIRECTION('',(0.,-1.,1.867474214419E-16));
#3048 = DIRECTION('',(0.,-1.867474214419E-16,-1.));
#3049 = ADVANCED_FACE('',(#3050,#3070),#3083,.F.);
#3050 = FACE_BOUND('',#3051,.T.);
#3051 = EDGE_LOOP('',(#3052,#3063));
#3052 = ORIENTED_EDGE('',*,*,#3053,.F.);
#3053 = EDGE_CURVE('',#3054,#3056,#3058,.T.);
#3054 = VERTEX_POINT('',#3055);
#3055 = CARTESIAN_POINT('',(79.4512,0.9906,111.8489));
#3056 = VERTEX_POINT('',#3057);
#3057 = CARTESIAN_POINT('',(79.4512,0.9906,107.5055));
#3058 = CIRCLE('',#3059,2.1717);
#3059 = AXIS2_PLACEMENT_3D('',#3060,#3061,#3062);
#3060 = CARTESIAN_POINT('',(79.4512,0.9906,109.6772));
#3061 = DIRECTION('',(0.,1.,-1.867474214419E-16));
#3062 = DIRECTION('',(0.,-1.867474214419E-16,-1.));
#3063 = ORIENTED_EDGE('',*,*,#3064,.F.);
#3064 = EDGE_CURVE('',#3056,#3054,#3065,.T.);
#3065 = CIRCLE('',#3066,2.1717);
#3066 = AXIS2_PLACEMENT_3D('',#3067,#3068,#3069);
#3067 = CARTESIAN_POINT('',(79.4512,0.9906,109.6772));
#3068 = DIRECTION('',(0.,1.,-1.867474214419E-16));
#3069 = DIRECTION('',(0.,-1.867474214419E-16,-1.));
#3070 = FACE_BOUND('',#3071,.T.);
#3071 = EDGE_LOOP('',(#3072,#3073,#3074,#3080,#3081,#3082));
#3072 = ORIENTED_EDGE('',*,*,#2576,.F.);
#3073 = ORIENTED_EDGE('',*,*,#2343,.T.);
#3074 = ORIENTED_EDGE('',*,*,#3075,.F.);
#3075 = EDGE_CURVE('',#2681,#2336,#3076,.T.);
#3076 = LINE('',#3077,#3078);
#3077 = CARTESIAN_POINT('',(84.201,0.9906,105.6132));
#3078 = VECTOR('',#3079,1.);
#3079 = DIRECTION('',(0.,1.867474214419E-16,1.));
#3080 = ORIENTED_EDGE('',*,*,#2680,.T.);
#3081 = ORIENTED_EDGE('',*,*,#1622,.F.);
#3082 = ORIENTED_EDGE('',*,*,#1671,.F.);
#3083 = PLANE('',#3084);
#3084 = AXIS2_PLACEMENT_3D('',#3085,#3086,#3087);
#3085 = CARTESIAN_POINT('',(84.201,0.9906,105.6132));
#3086 = DIRECTION('',(0.,-1.,1.867474214419E-16));
#3087 = DIRECTION('',(0.,-1.867474214419E-16,-1.));
#3088 = ADVANCED_FACE('',(#3089),#3113,.F.);
#3089 = FACE_BOUND('',#3090,.T.);
#3090 = EDGE_LOOP('',(#3091,#3092,#3093,#3094,#3095,#3096,#3097,#3103,
    #3104,#3105,#3106,#3112));
#3091 = ORIENTED_EDGE('',*,*,#2884,.F.);
#3092 = ORIENTED_EDGE('',*,*,#2422,.F.);
#3093 = ORIENTED_EDGE('',*,*,#2286,.F.);
#3094 = ORIENTED_EDGE('',*,*,#2132,.T.);
#3095 = ORIENTED_EDGE('',*,*,#2958,.F.);
#3096 = ORIENTED_EDGE('',*,*,#1934,.F.);
#3097 = ORIENTED_EDGE('',*,*,#3098,.T.);
#3098 = EDGE_CURVE('',#1927,#1860,#3099,.T.);
#3099 = LINE('',#3100,#3101);
#3100 = CARTESIAN_POINT('',(0.,2.0955,116.0526));
#3101 = VECTOR('',#3102,1.);
#3102 = DIRECTION('',(-0.,-0.,-1.));
#3103 = ORIENTED_EDGE('',*,*,#1859,.F.);
#3104 = ORIENTED_EDGE('',*,*,#2922,.F.);
#3105 = ORIENTED_EDGE('',*,*,#1811,.F.);
#3106 = ORIENTED_EDGE('',*,*,#3107,.T.);
#3107 = EDGE_CURVE('',#1804,#1737,#3108,.T.);
#3108 = LINE('',#3109,#3110);
#3109 = CARTESIAN_POINT('',(0.,2.0955,116.0526));
#3110 = VECTOR('',#3111,1.);
#3111 = DIRECTION('',(-0.,-0.,-1.));
#3112 = ORIENTED_EDGE('',*,*,#1736,.F.);
#3113 = PLANE('',#3114);
#3114 = AXIS2_PLACEMENT_3D('',#3115,#3116,#3117);
#3115 = CARTESIAN_POINT('',(0.,0.,116.0526));
#3116 = DIRECTION('',(1.,0.,0.));
#3117 = DIRECTION('',(0.,0.,-1.));
#3118 = ADVANCED_FACE('',(#3119),#3125,.F.);
#3119 = FACE_BOUND('',#3120,.T.);
#3120 = EDGE_LOOP('',(#3121,#3122,#3123,#3124));
#3121 = ORIENTED_EDGE('',*,*,#1779,.T.);
#3122 = ORIENTED_EDGE('',*,*,#1744,.T.);
#3123 = ORIENTED_EDGE('',*,*,#3107,.F.);
#3124 = ORIENTED_EDGE('',*,*,#1803,.T.);
#3125 = PLANE('',#3126);
#3126 = AXIS2_PLACEMENT_3D('',#3127,#3128,#3129);
#3127 = CARTESIAN_POINT('',(0.,2.0955,116.0526));
#3128 = DIRECTION('',(0.,-1.,0.));
#3129 = DIRECTION('',(0.,0.,-1.));
#3130 = ADVANCED_FACE('',(#3131),#3137,.F.);
#3131 = FACE_BOUND('',#3132,.T.);
#3132 = EDGE_LOOP('',(#3133,#3134,#3135,#3136));
#3133 = ORIENTED_EDGE('',*,*,#1902,.T.);
#3134 = ORIENTED_EDGE('',*,*,#1867,.T.);
#3135 = ORIENTED_EDGE('',*,*,#3098,.F.);
#3136 = ORIENTED_EDGE('',*,*,#1926,.T.);
#3137 = PLANE('',#3138);
#3138 = AXIS2_PLACEMENT_3D('',#3139,#3140,#3141);
#3139 = CARTESIAN_POINT('',(0.,2.0955,116.0526));
#3140 = DIRECTION('',(0.,-1.,0.));
#3141 = DIRECTION('',(0.,0.,-1.));
#3142 = ADVANCED_FACE('',(#3143),#3155,.F.);
#3143 = FACE_BOUND('',#3144,.F.);
#3144 = EDGE_LOOP('',(#3145,#3146,#3147,#3152,#3153,#3154));
#3145 = ORIENTED_EDGE('',*,*,#2156,.T.);
#3146 = ORIENTED_EDGE('',*,*,#2167,.T.);
#3147 = ORIENTED_EDGE('',*,*,#3148,.T.);
#3148 = EDGE_CURVE('',#2157,#2863,#3149,.T.);
#3149 = B_SPLINE_CURVE_WITH_KNOTS('',1,(#3150,#3151),.UNSPECIFIED.,.F.,
  .F.,(2,2),(-2.0955,-1.1049),.PIECEWISE_BEZIER_KNOTS.);
#3150 = CARTESIAN_POINT('',(4.7752,0.,8.7249));
#3151 = CARTESIAN_POINT('',(4.7752,0.9906,8.7249));
#3152 = ORIENTED_EDGE('',*,*,#2873,.F.);
#3153 = ORIENTED_EDGE('',*,*,#2862,.F.);
#3154 = ORIENTED_EDGE('',*,*,#3148,.F.);
#3155 = CYLINDRICAL_SURFACE('',#3156,2.1717);
#3156 = AXIS2_PLACEMENT_3D('',#3157,#3158,#3159);
#3157 = CARTESIAN_POINT('',(4.7752,2.0955,6.5532));
#3158 = DIRECTION('',(0.,1.,0.));
#3159 = DIRECTION('',(0.,0.,1.));
#3160 = ADVANCED_FACE('',(#3161),#3173,.F.);
#3161 = FACE_BOUND('',#3162,.F.);
#3162 = EDGE_LOOP('',(#3163,#3164,#3165,#3170,#3171,#3172));
#3163 = ORIENTED_EDGE('',*,*,#2176,.T.);
#3164 = ORIENTED_EDGE('',*,*,#2187,.T.);
#3165 = ORIENTED_EDGE('',*,*,#3166,.T.);
#3166 = EDGE_CURVE('',#2177,#2902,#3167,.T.);
#3167 = B_SPLINE_CURVE_WITH_KNOTS('',1,(#3168,#3169),.UNSPECIFIED.,.F.,
  .F.,(2,2),(-2.0955,-1.1049),.PIECEWISE_BEZIER_KNOTS.);
#3168 = CARTESIAN_POINT('',(4.7752,0.,60.2869));
#3169 = CARTESIAN_POINT('',(4.7752,0.9906,60.2869));
#3170 = ORIENTED_EDGE('',*,*,#2912,.F.);
#3171 = ORIENTED_EDGE('',*,*,#2901,.F.);
#3172 = ORIENTED_EDGE('',*,*,#3166,.F.);
#3173 = CYLINDRICAL_SURFACE('',#3174,2.1717);
#3174 = AXIS2_PLACEMENT_3D('',#3175,#3176,#3177);
#3175 = CARTESIAN_POINT('',(4.7752,2.0955,58.1152));
#3176 = DIRECTION('',(0.,1.,0.));
#3177 = DIRECTION('',(0.,0.,1.));
#3178 = ADVANCED_FACE('',(#3179),#3191,.F.);
#3179 = FACE_BOUND('',#3180,.F.);
#3180 = EDGE_LOOP('',(#3181,#3182,#3183,#3188,#3189,#3190));
#3181 = ORIENTED_EDGE('',*,*,#2196,.T.);
#3182 = ORIENTED_EDGE('',*,*,#2207,.T.);
#3183 = ORIENTED_EDGE('',*,*,#3184,.T.);
#3184 = EDGE_CURVE('',#2197,#2939,#3185,.T.);
#3185 = B_SPLINE_CURVE_WITH_KNOTS('',1,(#3186,#3187),.UNSPECIFIED.,.F.,
  .F.,(2,2),(-2.0955,-1.1049),.PIECEWISE_BEZIER_KNOTS.);
#3186 = CARTESIAN_POINT('',(4.7752,0.,111.8489));
#3187 = CARTESIAN_POINT('',(4.7752,0.9906,111.8489));
#3188 = ORIENTED_EDGE('',*,*,#2949,.F.);
#3189 = ORIENTED_EDGE('',*,*,#2938,.F.);
#3190 = ORIENTED_EDGE('',*,*,#3184,.F.);
#3191 = CYLINDRICAL_SURFACE('',#3192,2.1717);
#3192 = AXIS2_PLACEMENT_3D('',#3193,#3194,#3195);
#3193 = CARTESIAN_POINT('',(4.7752,2.0955,109.6772));
#3194 = DIRECTION('',(0.,1.,0.));
#3195 = DIRECTION('',(0.,0.,1.));
#3196 = ADVANCED_FACE('',(#3197),#3209,.F.);
#3197 = FACE_BOUND('',#3198,.F.);
#3198 = EDGE_LOOP('',(#3199,#3200,#3201,#3206,#3207,#3208));
#3199 = ORIENTED_EDGE('',*,*,#2216,.T.);
#3200 = ORIENTED_EDGE('',*,*,#2227,.T.);
#3201 = ORIENTED_EDGE('',*,*,#3202,.T.);
#3202 = EDGE_CURVE('',#2217,#3054,#3203,.T.);
#3203 = B_SPLINE_CURVE_WITH_KNOTS('',1,(#3204,#3205),.UNSPECIFIED.,.F.,
  .F.,(2,2),(-2.0955,-1.1049),.PIECEWISE_BEZIER_KNOTS.);
#3204 = CARTESIAN_POINT('',(79.4512,0.,111.8489));
#3205 = CARTESIAN_POINT('',(79.4512,0.9906,111.8489));
#3206 = ORIENTED_EDGE('',*,*,#3064,.F.);
#3207 = ORIENTED_EDGE('',*,*,#3053,.F.);
#3208 = ORIENTED_EDGE('',*,*,#3202,.F.);
#3209 = CYLINDRICAL_SURFACE('',#3210,2.1717);
#3210 = AXIS2_PLACEMENT_3D('',#3211,#3212,#3213);
#3211 = CARTESIAN_POINT('',(79.4512,2.0955,109.6772));
#3212 = DIRECTION('',(0.,1.,0.));
#3213 = DIRECTION('',(0.,0.,1.));
#3214 = ADVANCED_FACE('',(#3215),#3227,.F.);
#3215 = FACE_BOUND('',#3216,.F.);
#3216 = EDGE_LOOP('',(#3217,#3218,#3219,#3224,#3225,#3226));
#3217 = ORIENTED_EDGE('',*,*,#2236,.T.);
#3218 = ORIENTED_EDGE('',*,*,#2247,.T.);
#3219 = ORIENTED_EDGE('',*,*,#3220,.T.);
#3220 = EDGE_CURVE('',#2237,#3017,#3221,.T.);
#3221 = B_SPLINE_CURVE_WITH_KNOTS('',1,(#3222,#3223),.UNSPECIFIED.,.F.,
  .F.,(2,2),(-2.0955,-1.1049),.PIECEWISE_BEZIER_KNOTS.);
#3222 = CARTESIAN_POINT('',(79.4512,0.,60.2869));
#3223 = CARTESIAN_POINT('',(79.4512,0.9906,60.2869));
#3224 = ORIENTED_EDGE('',*,*,#3027,.F.);
#3225 = ORIENTED_EDGE('',*,*,#3016,.F.);
#3226 = ORIENTED_EDGE('',*,*,#3220,.F.);
#3227 = CYLINDRICAL_SURFACE('',#3228,2.1717);
#3228 = AXIS2_PLACEMENT_3D('',#3229,#3230,#3231);
#3229 = CARTESIAN_POINT('',(79.4512,2.0955,58.1152));
#3230 = DIRECTION('',(0.,1.,0.));
#3231 = DIRECTION('',(0.,0.,1.));
#3232 = ADVANCED_FACE('',(#3233),#3245,.F.);
#3233 = FACE_BOUND('',#3234,.F.);
#3234 = EDGE_LOOP('',(#3235,#3236,#3237,#3242,#3243,#3244));
#3235 = ORIENTED_EDGE('',*,*,#2256,.T.);
#3236 = ORIENTED_EDGE('',*,*,#2267,.T.);
#3237 = ORIENTED_EDGE('',*,*,#3238,.T.);
#3238 = EDGE_CURVE('',#2257,#2978,#3239,.T.);
#3239 = B_SPLINE_CURVE_WITH_KNOTS('',1,(#3240,#3241),.UNSPECIFIED.,.F.,
  .F.,(2,2),(-2.0955,-1.1049),.PIECEWISE_BEZIER_KNOTS.);
#3240 = CARTESIAN_POINT('',(79.4512,0.,8.7249));
#3241 = CARTESIAN_POINT('',(79.4512,0.9906,8.7249));
#3242 = ORIENTED_EDGE('',*,*,#2988,.F.);
#3243 = ORIENTED_EDGE('',*,*,#2977,.F.);
#3244 = ORIENTED_EDGE('',*,*,#3238,.F.);
#3245 = CYLINDRICAL_SURFACE('',#3246,2.1717);
#3246 = AXIS2_PLACEMENT_3D('',#3247,#3248,#3249);
#3247 = CARTESIAN_POINT('',(79.4512,2.0955,6.5532));
#3248 = DIRECTION('',(0.,1.,0.));
#3249 = DIRECTION('',(0.,0.,1.));
#3250 = ADVANCED_FACE('',(#3251),#3275,.F.);
#3251 = FACE_BOUND('',#3252,.T.);
#3252 = EDGE_LOOP('',(#3253,#3254,#3255,#3256,#3257,#3258,#3259,#3265,
    #3266,#3267,#3268,#3274));
#3253 = ORIENTED_EDGE('',*,*,#3075,.T.);
#3254 = ORIENTED_EDGE('',*,*,#2335,.F.);
#3255 = ORIENTED_EDGE('',*,*,#2309,.T.);
#3256 = ORIENTED_EDGE('',*,*,#2533,.T.);
#3257 = ORIENTED_EDGE('',*,*,#2997,.T.);
#3258 = ORIENTED_EDGE('',*,*,#2657,.T.);
#3259 = ORIENTED_EDGE('',*,*,#3260,.F.);
#3260 = EDGE_CURVE('',#2812,#2650,#3261,.T.);
#3261 = LINE('',#3262,#3263);
#3262 = CARTESIAN_POINT('',(84.201,2.0955,116.0526));
#3263 = VECTOR('',#3264,1.);
#3264 = DIRECTION('',(-0.,-0.,-1.));
#3265 = ORIENTED_EDGE('',*,*,#2811,.T.);
#3266 = ORIENTED_EDGE('',*,*,#3037,.T.);
#3267 = ORIENTED_EDGE('',*,*,#2763,.T.);
#3268 = ORIENTED_EDGE('',*,*,#3269,.F.);
#3269 = EDGE_CURVE('',#2689,#2756,#3270,.T.);
#3270 = LINE('',#3271,#3272);
#3271 = CARTESIAN_POINT('',(84.201,2.0955,116.0526));
#3272 = VECTOR('',#3273,1.);
#3273 = DIRECTION('',(-0.,-0.,-1.));
#3274 = ORIENTED_EDGE('',*,*,#2688,.T.);
#3275 = PLANE('',#3276);
#3276 = AXIS2_PLACEMENT_3D('',#3277,#3278,#3279);
#3277 = CARTESIAN_POINT('',(84.201,2.0955,116.0526));
#3278 = DIRECTION('',(-1.,0.,0.));
#3279 = DIRECTION('',(0.,0.,1.));
#3280 = ADVANCED_FACE('',(#3281),#3287,.F.);
#3281 = FACE_BOUND('',#3282,.T.);
#3282 = EDGE_LOOP('',(#3283,#3284,#3285,#3286));
#3283 = ORIENTED_EDGE('',*,*,#3260,.T.);
#3284 = ORIENTED_EDGE('',*,*,#2649,.T.);
#3285 = ORIENTED_EDGE('',*,*,#2848,.T.);
#3286 = ORIENTED_EDGE('',*,*,#2819,.T.);
#3287 = PLANE('',#3288);
#3288 = AXIS2_PLACEMENT_3D('',#3289,#3290,#3291);
#3289 = CARTESIAN_POINT('',(77.216,2.0955,116.0526));
#3290 = DIRECTION('',(0.,-1.,0.));
#3291 = DIRECTION('',(0.,0.,-1.));
#3292 = ADVANCED_FACE('',(#3293),#3299,.F.);
#3293 = FACE_BOUND('',#3294,.T.);
#3294 = EDGE_LOOP('',(#3295,#3296,#3297,#3298));
#3295 = ORIENTED_EDGE('',*,*,#3269,.T.);
#3296 = ORIENTED_EDGE('',*,*,#2755,.T.);
#3297 = ORIENTED_EDGE('',*,*,#2733,.T.);
#3298 = ORIENTED_EDGE('',*,*,#2696,.T.);
#3299 = PLANE('',#3300);
#3300 = AXIS2_PLACEMENT_3D('',#3301,#3302,#3303);
#3301 = CARTESIAN_POINT('',(77.216,2.0955,116.0526));
#3302 = DIRECTION('',(0.,-1.,0.));
#3303 = DIRECTION('',(0.,0.,-1.));
#3304 = ( GEOMETRIC_REPRESENTATION_CONTEXT(3) 
GLOBAL_UNCERTAINTY_ASSIGNED_CONTEXT((#3308)) 
GLOBAL_UNIT_ASSIGNED_CONTEXT((#3305,#3306,#3307)) REPRESENTATION_CONTEXT
('Context #1','3D Context with UNIT and UNCERTAINTY') );
#3305 = ( LENGTH_UNIT() NAMED_UNIT(*) SI_UNIT(.MILLI.,.METRE.) );
#3306 = ( NAMED_UNIT(*) PLANE_ANGLE_UNIT() SI_UNIT($,.RADIAN.) );
#3307 = ( NAMED_UNIT(*) SI_UNIT($,.STERADIAN.) SOLID_ANGLE_UNIT() );
#3308 = UNCERTAINTY_MEASURE_WITH_UNIT(LENGTH_MEASURE(2.E-05),#3305,
  'distance_accuracy_value','confusion accuracy');
#3309 = PRODUCT_RELATED_PRODUCT_CATEGORY('part',$,(#7));
#3310 = MECHANICAL_DESIGN_GEOMETRIC_PRESENTATION_REPRESENTATION('',(
    #3311),#3304);
#3311 = STYLED_ITEM('color',(#3312),#15);
#3312 = PRESENTATION_STYLE_ASSIGNMENT((#3313,#3319));
#3313 = SURFACE_STYLE_USAGE(.BOTH.,#3314);
#3314 = SURFACE_SIDE_STYLE('',(#3315));
#3315 = SURFACE_STYLE_FILL_AREA(#3316);
#3316 = FILL_AREA_STYLE('',(#3317));
#3317 = FILL_AREA_STYLE_COLOUR('',#3318);
#3318 = COLOUR_RGB('',0.678430976034,0.709803998361,0.741176010593);
#3319 = CURVE_STYLE('',#3320,POSITIVE_LENGTH_MEASURE(0.1),#3321);
#3320 = DRAUGHTING_PRE_DEFINED_CURVE_FONT('continuous');
#3321 = COLOUR_RGB('',9.803921802644E-02,9.803921802644E-02,
  9.803921802644E-02);
ENDSEC;
END-ISO-10303-21;
